main_command	main_description	command	description
%[name[=value]]	Set each NAME to VALUE in the environment	%	list all environment variables
%[name[=value]]	Set each NAME to VALUE in the environment	%*	show env vars as r2 commands
%[name[=value]]	Set each NAME to VALUE in the environment	%j	show env vars in JSON format
%[name[=value]]	Set each NAME to VALUE in the environment	%SHELL	prints SHELL value
%[name[=value]]	Set each NAME to VALUE in the environment	%TMPDIR=/tmp	"sets TMPDIR value to ""/tmp"""
(foo args;cmd1;cmd2;..)	Command macros	(foo args;..;..)	define a macro
(foo args;cmd1;cmd2;..)	Command macros	(foo args;..;..)()	define and call a macro
(foo args;cmd1;cmd2;..)	Command macros	(-foo)	remove a macro
(foo args;cmd1;cmd2;..)	Command macros	.(foo)	to call it
(foo args;cmd1;cmd2;..)	Command macros	()	break inside macro
(foo args;cmd1;cmd2;..)	Command macros	(*)	list all defined macros
(foo args;cmd1;cmd2;..)	Command macros	(j)	list macros in json format
(foo args;cmd1;cmd2;..)	Command macros	Argument support:	
(foo args;cmd1;cmd2;..)	Command macros	(foo x y; $0 @ $1)	define fun with args (x - $0; y - $1)
(foo args;cmd1;cmd2;..)	Command macros	.(foo 128 0x804800)	call it with args
"[.:""][#]<cmd>[*] [`cmd`] [@ addr] [~grep] [|syscmd] [>[>]file]"		0	alias for 's 0'
"[.:""][#]<cmd>[*] [`cmd`] [@ addr] [~grep] [|syscmd] [>[>]file]"		0xaddr	alias for 's 0x..'
"[.:""][#]<cmd>[*] [`cmd`] [@ addr] [~grep] [|syscmd] [>[>]file]"		#cmd	if # is a number repeat the command # times
"[.:""][#]<cmd>[*] [`cmd`] [@ addr] [~grep] [|syscmd] [>[>]file]"		/*	start multiline comment
"[.:""][#]<cmd>[*] [`cmd`] [@ addr] [~grep] [|syscmd] [>[>]file]"		*/	end multiline comment
"[.:""][#]<cmd>[*] [`cmd`] [@ addr] [~grep] [|syscmd] [>[>]file]"		.cmd	execute output of command as r2 script
"[.:""][#]<cmd>[*] [`cmd`] [@ addr] [~grep] [|syscmd] [>[>]file]"		.:8080	wait for commands on port 8080
"[.:""][#]<cmd>[*] [`cmd`] [@ addr] [~grep] [|syscmd] [>[>]file]"		.!rabin2 -re $FILE	run command output as r2 script
"[.:""][#]<cmd>[*] [`cmd`] [@ addr] [~grep] [|syscmd] [>[>]file]"		:cmd	run an io command (same as =!)
"[.:""][#]<cmd>[*] [`cmd`] [@ addr] [~grep] [|syscmd] [>[>]file]"		-[?]	alias for s- aka negative relative seek and script editor
"[.:""][#]<cmd>[*] [`cmd`] [@ addr] [~grep] [|syscmd] [>[>]file]"		+[?]	alias for s+, act as a relative seek
"[.:""][#]<cmd>[*] [`cmd`] [@ addr] [~grep] [|syscmd] [>[>]file]"		*	output of command in r2 script format (CC*)
"[.:""][#]<cmd>[*] [`cmd`] [@ addr] [~grep] [|syscmd] [>[>]file]"		j	output of command in JSON format (pdj)
"[.:""][#]<cmd>[*] [`cmd`] [@ addr] [~grep] [|syscmd] [>[>]file]"		~?	count number of lines (like wc -l)
"[.:""][#]<cmd>[*] [`cmd`] [@ addr] [~grep] [|syscmd] [>[>]file]"		~??	show internal grep help
"[.:""][#]<cmd>[*] [`cmd`] [@ addr] [~grep] [|syscmd] [>[>]file]"		~..	internal less
"[.:""][#]<cmd>[*] [`cmd`] [@ addr] [~grep] [|syscmd] [>[>]file]"		~{}	json indent
"[.:""][#]<cmd>[*] [`cmd`] [@ addr] [~grep] [|syscmd] [>[>]file]"		~<>	xml indent
"[.:""][#]<cmd>[*] [`cmd`] [@ addr] [~grep] [|syscmd] [>[>]file]"		~<100	ascii-art zoom of console buffer
"[.:""][#]<cmd>[*] [`cmd`] [@ addr] [~grep] [|syscmd] [>[>]file]"		~{}..	json indent and less
"[.:""][#]<cmd>[*] [`cmd`] [@ addr] [~grep] [|syscmd] [>[>]file]"		~word	grep for lines matching word
"[.:""][#]<cmd>[*] [`cmd`] [@ addr] [~grep] [|syscmd] [>[>]file]"		~!word	grep for lines NOT matching word
"[.:""][#]<cmd>[*] [`cmd`] [@ addr] [~grep] [|syscmd] [>[>]file]"		~word[2]	grep 3rd column of lines matching word
"[.:""][#]<cmd>[*] [`cmd`] [@ addr] [~grep] [|syscmd] [>[>]file]"		~word:3[0]	grep 1st column from the 4th line matching word
"[.:""][#]<cmd>[*] [`cmd`] [@ addr] [~grep] [|syscmd] [>[>]file]"		@ 0x1024	temporary seek to this address (sym.main+3)
"[.:""][#]<cmd>[*] [`cmd`] [@ addr] [~grep] [|syscmd] [>[>]file]"		@ [addr]!blocksize	temporary set a new blocksize
"[.:""][#]<cmd>[*] [`cmd`] [@ addr] [~grep] [|syscmd] [>[>]file]"		@..addr	temporary partial address seek (see s..)
"[.:""][#]<cmd>[*] [`cmd`] [@ addr] [~grep] [|syscmd] [>[>]file]"		@!blocksize	temporary change the block size (p8@3!3)
"[.:""][#]<cmd>[*] [`cmd`] [@ addr] [~grep] [|syscmd] [>[>]file]"		@{from to}	temporary set from and to for commands supporting ranges
"[.:""][#]<cmd>[*] [`cmd`] [@ addr] [~grep] [|syscmd] [>[>]file]"		@a:arch[:bits]	temporary set arch and bits
"[.:""][#]<cmd>[*] [`cmd`] [@ addr] [~grep] [|syscmd] [>[>]file]"		@b:bits	temporary set asm.bits
"[.:""][#]<cmd>[*] [`cmd`] [@ addr] [~grep] [|syscmd] [>[>]file]"		@B:nth	temporary seek to nth instruction in current bb (negative numbers too)
"[.:""][#]<cmd>[*] [`cmd`] [@ addr] [~grep] [|syscmd] [>[>]file]"		@c:cmd	seek to the address printed by the given command. same as '@ `cmd`'
"[.:""][#]<cmd>[*] [`cmd`] [@ addr] [~grep] [|syscmd] [>[>]file]"		@e:k=v,k=v	temporary change eval vars
"[.:""][#]<cmd>[*] [`cmd`] [@ addr] [~grep] [|syscmd] [>[>]file]"		@f:file	temporary replace block with file contents
"[.:""][#]<cmd>[*] [`cmd`] [@ addr] [~grep] [|syscmd] [>[>]file]"		@F:flagspace	temporary change flag space
"[.:""][#]<cmd>[*] [`cmd`] [@ addr] [~grep] [|syscmd] [>[>]file]"		@i:nth.op	temporary seek to the Nth relative instruction
"[.:""][#]<cmd>[*] [`cmd`] [@ addr] [~grep] [|syscmd] [>[>]file]"		@k:k	temporary seek at value of sdb key `k`
"[.:""][#]<cmd>[*] [`cmd`] [@ addr] [~grep] [|syscmd] [>[>]file]"		@o:fd	temporary switch to another fd
"[.:""][#]<cmd>[*] [`cmd`] [@ addr] [~grep] [|syscmd] [>[>]file]"		@r:reg	tmp seek to reg value (f.ex pd@r:PC, see also $r{PC} and $r:PC)
"[.:""][#]<cmd>[*] [`cmd`] [@ addr] [~grep] [|syscmd] [>[>]file]"		@s:string	tmp seek to reg value (f.ex pd@r:PC, see also $r{PC} and $r:PC)  but from a string
"[.:""][#]<cmd>[*] [`cmd`] [@ addr] [~grep] [|syscmd] [>[>]file]"		@v:value	modify the current offset to a custom value
"[.:""][#]<cmd>[*] [`cmd`] [@ addr] [~grep] [|syscmd] [>[>]file]"		@x:909192	from hex pairs string
"[.:""][#]<cmd>[*] [`cmd`] [@ addr] [~grep] [|syscmd] [>[>]file]"		@@=1 2 3	run the previous command at offsets 1, 2 and 3
"[.:""][#]<cmd>[*] [`cmd`] [@ addr] [~grep] [|syscmd] [>[>]file]"		@@==foo bar	run the previous command appending a word on each iteration
"[.:""][#]<cmd>[*] [`cmd`] [@ addr] [~grep] [|syscmd] [>[>]file]"		@@ hit*	run the command on every flag matching 'hit*'
"[.:""][#]<cmd>[*] [`cmd`] [@ addr] [~grep] [|syscmd] [>[>]file]"		@@[?][ktfb..]	show help for the iterator operator
"[.:""][#]<cmd>[*] [`cmd`] [@ addr] [~grep] [|syscmd] [>[>]file]"		@@@[?] [type]	run a command on every [type] (see @@@? for help)
"[.:""][#]<cmd>[*] [`cmd`] [@ addr] [~grep] [|syscmd] [>[>]file]"		>file	pipe output of command to file
"[.:""][#]<cmd>[*] [`cmd`] [@ addr] [~grep] [|syscmd] [>[>]file]"		>>file	append to file
"[.:""][#]<cmd>[*] [`cmd`] [@ addr] [~grep] [|syscmd] [>[>]file]"		H>file	pipe output of command to file in HTML
"[.:""][#]<cmd>[*] [`cmd`] [@ addr] [~grep] [|syscmd] [>[>]file]"		H>>file	append to file with the output of command in HTML
"[.:""][#]<cmd>[*] [`cmd`] [@ addr] [~grep] [|syscmd] [>[>]file]"		`pdi~push:0[0]`	replace output of command inside the line
"[.:""][#]<cmd>[*] [`cmd`] [@ addr] [~grep] [|syscmd] [>[>]file]"		|cmd	pipe output to command (pd|less) (.dr*)
-	open editor and run the r2 commands in the saved document	'-' '.-' '. -'	those three commands do the same
-	open editor and run the r2 commands in the saved document	-8	same as s-8, but shorter to type (see +? command)
-	open editor and run the r2 commands in the saved document	-a x86	same as r2 -a x86 or e asm.arch=x86
-	open editor and run the r2 commands in the saved document	-A[?]	same as r2 -A or aaa
-	open editor and run the r2 commands in the saved document	-b 32	same as e or r2 -e
-	open editor and run the r2 commands in the saved document	-c cpu	same as r2 -e asm.cpu=
-	open editor and run the r2 commands in the saved document	-e k=v	same as r2 -b or e asm.bits
-	open editor and run the r2 commands in the saved document	-h	show this help (same as -?)
-	open editor and run the r2 commands in the saved document	-H key	same as r2 -H
-	open editor and run the r2 commands in the saved document	-k kernel	same as r2 -k or e asm.os
-	open editor and run the r2 commands in the saved document	-f	block size = file size (b $s)
-	open editor and run the r2 commands in the saved document	-j	enter the js: repl
-	open editor and run the r2 commands in the saved document	-i [file]	same as . [file], to run a script
-	open editor and run the r2 commands in the saved document	-s [addr]	same as r2 -e asm.cpu=
-	open editor and run the r2 commands in the saved document	-L	same as Lo (or r2 -L)
-	open editor and run the r2 commands in the saved document	-p project	same as 'P [prjname]' to load a project
-	open editor and run the r2 commands in the saved document	-P patchfile	apply given patch file (see doc/rapatch2.md)
-	open editor and run the r2 commands in the saved document	-v	same as -V
-	open editor and run the r2 commands in the saved document	-V	show r2 version, same as ?V
-	open editor and run the r2 commands in the saved document	--	seek one block backward. Same as s-- (see `b` command)
aaa[a[a]]	# automatically analyze the whole program	aaa	perform deeper analysis, most common use
aaa[a[a]]	# automatically analyze the whole program	aaaa	same as aaa but adds a bunch of experimental iterations
aaa[a[a]]	# automatically analyze the whole program	aaaaa	refine the analysis to find more functions after aaaa
aaa[a[a]]	# automatically analyze the whole program	@@	# foreach iterator command:
aaa[a[a]]	# automatically analyze the whole program	x @@ sym.*	run 'x' over all flags matching 'sym.' in current flagspace
aaa[a[a]]	# automatically analyze the whole program	x @@.file	run 'x' over the offsets specified in the file (one offset per line)
aaa[a[a]]	# automatically analyze the whole program	x @@/x 9090	temporary set cmd.hit to run a command on each search result
aaa[a[a]]	# automatically analyze the whole program	x @@=`pdf~call[0]`	run 'x' at every call offset of the current function
aaa[a[a]]	# automatically analyze the whole program	x @@=off1 off2 ..	manual list of offsets
aaa[a[a]]	# automatically analyze the whole program	x @@b	run 'x' on all basic blocks of current function (see afb)
aaa[a[a]]	# automatically analyze the whole program	x @@c:cmd	the same as @@=`` without the backticks
aaa[a[a]]	# automatically analyze the whole program	x @@dbt[abs]	run 'x' command on every backtrace address, bp or sp
aaa[a[a]]	# automatically analyze the whole program	x @@f	run 'x' on all functions (see aflq)
aaa[a[a]]	# automatically analyze the whole program	x @@f:write	run 'x' on all functions matching write in the name
aaa[a[a]]	# automatically analyze the whole program	x @@F	alias for @@c:afla - inverse recursive function list
aaa[a[a]]	# automatically analyze the whole program	x @@i	run 'x' on all instructions of the current function (see pdr)
aaa[a[a]]	# automatically analyze the whole program	x @@iS	run 'x' on all sections adjusting blocksize
aaa[a[a]]	# automatically analyze the whole program	x @@k sdbquery	run 'x' on all offsets returned by that sdbquery
aaa[a[a]]	# automatically analyze the whole program	x @@s:from to step	run 'x' on all offsets from, to incrementing by step
aaa[a[a]]	# automatically analyze the whole program	x @@t	run 'x' on all threads (see dp)
aaa[a[a]]	# automatically analyze the whole program	@@@	# foreach offset+size iterator command:
aaa[a[a]]	# automatically analyze the whole program	x @@@=	[addr] [size] ([addr] [size] ...)
aaa[a[a]]	# automatically analyze the whole program	x @@@b	basic blocks of current function
aaa[a[a]]	# automatically analyze the whole program	x @@@C:cmd	comments matching
aaa[a[a]]	# automatically analyze the whole program	x @@@c:cmd	Same as @@@=`cmd`, without the backticks
aaa[a[a]]	# automatically analyze the whole program	x @@@e	entries
aaa[a[a]]	# automatically analyze the whole program	x @@@E	exports
aaa[a[a]]	# automatically analyze the whole program	x @@@f	flags
aaa[a[a]]	# automatically analyze the whole program	x @@@F	functions (set fcn size which may be incorrect if not linear)
aaa[a[a]]	# automatically analyze the whole program	x @@@F:glob	functions matching glob expression
aaa[a[a]]	# automatically analyze the whole program	x @@@f:hit*	flags matching glob expression
aaa[a[a]]	# automatically analyze the whole program	x @@@i	imports
aaa[a[a]]	# automatically analyze the whole program	x @@@M	dbg.maps (See ?$?~size)
aaa[a[a]]	# automatically analyze the whole program	x @@@m	io.maps
aaa[a[a]]	# automatically analyze the whole program	x @@@r	registers
aaa[a[a]]	# automatically analyze the whole program	x @@@R	relocs
aaa[a[a]]	# automatically analyze the whole program	x @@@S	sections
aaa[a[a]]	# automatically analyze the whole program	x @@@s	symbols
aaa[a[a]]	# automatically analyze the whole program	x @@@SS	segments (same as @@@G)
aaa[a[a]]	# automatically analyze the whole program	x @@@t	threads
aaa[a[a]]	# automatically analyze the whole program	x @@@z	ztrings
aaa[a[a]]	# automatically analyze the whole program	'# run a command without evaluating any special character	
aaa[a[a]]	# automatically analyze the whole program	'?e hello @ world	print everything after `?e` (r2.call)
aaa[a[a]]	# automatically analyze the whole program	'0x123'?v $$	run the '?v $$' command in the 0x123 offset (same as r2.callAt)
aaa[a[a]]	# automatically analyze the whole program	'@entry0'?v $$	same as '0x but supports non numeric offsets
!<cmd>		!	list all commands in the shell history
!<cmd>		!ls	execute 'ls' in shell
!<cmd>		!*r2p x	run r2 command via r2pipe in current session
!<cmd>		!.	save command history to hist file
!<cmd>		!!	list commands used in current session
!<cmd>		!!ls~txt	print output of 'ls' and grep for 'txt'
!<cmd>		!!!cmd [args|$type]	adds the autocomplete value
!<cmd>		!!!-cmd [args]	removes the autocomplete value
!<cmd>		.!rabin2 -rpsei ${FILE}	run each output line as a r2 cmd
!<cmd>		!echo $R2_SIZE	display file size
!<cmd>		!-	clear history in current session
!<cmd>		!-*	clear and save empty history log
!<cmd>		!=!	enable remotecmd mode
!<cmd>		=!=	disable remotecmd mode
=[:!+-=ghH] [...]	# connect with other instances of r2 remote commands: servers: other: examples:	=	list all open connections
=[:!+-=ghH] [...]	# connect with other instances of r2 remote commands: servers: other: examples:	=<[fd] cmd	send output of local command to remote fd
=[:!+-=ghH] [...]	# connect with other instances of r2 remote commands: servers: other: examples:	=[fd] cmd	exec cmd at remote 'fd' (last open is default one)
=[:!+-=ghH] [...]	# connect with other instances of r2 remote commands: servers: other: examples:	=! cmd	run command via r_io_system
=[:!+-=ghH] [...]	# connect with other instances of r2 remote commands: servers: other: examples:	=+ [proto://]host:port	connect to remote host:port (*rap://, raps://, tcp://, udp://, http://)
=[:!+-=ghH] [...]	# connect with other instances of r2 remote commands: servers: other: examples:	=-[fd]	remove all hosts or host 'fd'
=[:!+-=ghH] [...]	# connect with other instances of r2 remote commands: servers: other: examples:	==[fd]	open remote session with host 'fd', 'q' to quit
=[:!+-=ghH] [...]	# connect with other instances of r2 remote commands: servers: other: examples:	=!=	disable remote cmd mode
=[:!+-=ghH] [...]	# connect with other instances of r2 remote commands: servers: other: examples:	!=!	enable remote cmd mode
=[:!+-=ghH] [...]	# connect with other instances of r2 remote commands: servers: other: examples:	=l[?]	list, create or destroy background session server
=[:!+-=ghH] [...]	# connect with other instances of r2 remote commands: servers: other: examples:	=tport	start the tcp server (echo x|nc ::1 9090 or curl ::1:9090/cmd/x)
=[:!+-=ghH] [...]	# connect with other instances of r2 remote commands: servers: other: examples:	=rport	start the rap server (o rap://9999)
=[:!+-=ghH] [...]	# connect with other instances of r2 remote commands: servers: other: examples:	=g[?]	start the gdbserver
=[:!+-=ghH] [...]	# connect with other instances of r2 remote commands: servers: other: examples:	=h port	start the http webserver on 'port'
=[:!+-=ghH] [...]	# connect with other instances of r2 remote commands: servers: other: examples:	=H port	start the http webserver on 'port' (launch browser)
=[:!+-=ghH] [...]	# connect with other instances of r2 remote commands: servers: other: examples:	=&:port	start rap server in background (same as '&_=h')
=[:!+-=ghH] [...]	# connect with other instances of r2 remote commands: servers: other: examples:	=:host:port cmd	run 'cmd' command on remote server
=[:!+-=ghH] [...]	# connect with other instances of r2 remote commands: servers: other: examples:	=+tcp://localhost:9090/	connect to: r2 -c.:9090 ./bin
=[:!+-=ghH] [...]	# connect with other instances of r2 remote commands: servers: other: examples:	=+rap://localhost:9090/	connect to: r2 rap://:9090
=[:!+-=ghH] [...]	# connect with other instances of r2 remote commands: servers: other: examples:	=+http://localhost:9090/cmd/	connect to: r2 -c'=h 9090' bin
=[:!+-=ghH] [...]	# connect with other instances of r2 remote commands: servers: other: examples:	o rap://:9090/	start the rap server on tcp port 9090
=l	[..] list, create and destroy r2 sessions	=l	list all available sessions
=l	[..] list, create and destroy r2 sessions	=l [name]	give a name to the current session
=l	[..] list, create and destroy r2 sessions	=l-	stop listening in background
=l	[..] list, create and destroy r2 sessions	=ll	start a new session: listening for commands in background
=[g] [...]	# gdb server gdbserver:	=g port file [args]	listen on 'port' debugging 'file' using gdbserver
?[?[?]] expression		?! [cmd]	run cmd if $? == 0
?[?[?]] expression		? eip-0x804800	show all representation result for this math expr
?[?[?]] expression		?'	show help for the single quote (do not evaluate special characters in command)
?[?[?]] expression		?$	show value all the variables ($)
?[?[?]] expression		?+ [cmd]	run cmd if $? > 0
?[?[?]] expression		?- [cmd]	run cmd if $? < 0
?[?[?]] expression		?= eip-0x804800	update $? return code with result of operation
?[?[?]] expression		?== x86 `e asm.arch`	strcmp two strings
?[?[?]] expression		?? [cmd]	run cmd if $? != 0
?[?[?]] expression		??	show value of operation
?[?[?]] expression		?a	show ascii table
?[?[?]] expression		?B [elem]	show range boundaries like 'e?search.in
?[?[?]] expression		?b [num]	show binary value of number
?[?[?]] expression		?b64[-] [str]	encode/decode in base64
?[?[?]] expression		?btw num|expr num|expr num|expr	returns boolean value of a <= b <= c
?[?[?]] expression		?d [num]	disasssemble given number as a little and big endian dword
?[?[?]] expression		?e[=bdgnpst] arg	echo messages, bars, pie charts and more (see ?e? for details)
?[?[?]] expression		?f [num] [str]	map each bit of the number as flag string index
?[?[?]] expression		?F	flush cons output
?[?[?]] expression		?h [str]	calculate hash for given string
?[?[?]] expression		?i[?] arg	prompt for number or Yes,No,Msg,Key,Path and store in $$?
?[?[?]] expression		?j arg	same as '? num' but in JSON
?[?[?]] expression		?l[q] str	returns the length of string ('q' for quiet, just set $?)
?[?[?]] expression		?o num	get octal value
?[?[?]] expression		?P paddr	get virtual address for given physical one
?[?[?]] expression		?p vaddr	get physical address for given virtual address
?[?[?]] expression		?q num|expr	compute expression like ? or ?v but in quiet mode
?[?[?]] expression		?r [from] [to]	generate random number between from-to
?[?[?]] expression		?s from to step	sequence of numbers from to by steps
?[?[?]] expression		?t cmd	returns the time to run a command
?[?[?]] expression		?T	show loading times
?[?[?]] expression		?u num	get value in human units (KB, MB, GB, TB)
?[?[?]] expression		?v num|expr	show hex value of math expr (no expr prints $?)
?[?[?]] expression		?vi[1248] num|expr	show decimal value of math expr [n bytes]
?[?[?]] expression		?vx num|expr	show 8 digit padding in hex
?[?[?]] expression		?V	show library version of r_core
?[?[?]] expression		?w addr	show what's in this address (like pxr/pxq does)
?[?[?]] expression		?X num|expr	returns the hexadecimal value numeric expr
?[?[?]] expression		?x str	returns the hexpair of number or string
?[?[?]] expression		?x+num	like ?v, but in hexpairs honoring cfg.bigendian
?[?[?]] expression		?x-hexst	convert hexpair into raw string with newline
?[?[?]] expression		?_ hudfile	load hud menu with given file
?[?[?]] expression		[cmd]?*	recursive help for the given cmd
?e[=bdgnpst] arg print/echo things		?i ([prompt])	inquery the user and save that text into the yank clipboard (y)
?e[=bdgnpst] arg print/echo things		?ie [msg]	same as ?i, but prints the output, useful for oneliners
?e[=bdgnpst] arg print/echo things		?iy [question]	dialog yes/no with default Yes
?e[=bdgnpst] arg print/echo things		?if [math-expr]	evaluates math expression returns true if result is zero
?e[=bdgnpst] arg print/echo things		?in [question]	dialog yes/no with default No
?e[=bdgnpst] arg print/echo things		?im [msg]	like ?ie, but using RCons.message (clear-screen + press-any-key)
?e[=bdgnpst] arg print/echo things		?ik	press any key
?e[=bdgnpst] arg print/echo things		?ip ([path])	interactive hud mode to find files in given path
?e[=bdgnpst] arg print/echo things		?iu (ui-expr)	input using user interface expression
[command]~[modifier][word,word][endmodifier][[column]][:line]	modifier:[0m endmodifier:[0m column:[0m Examples:[0m	&	all words must match to grep the line[0m
[command]~[modifier][word,word][endmodifier][[column]][:line]	modifier:[0m endmodifier:[0m column:[0m Examples:[0m	$[n]	sort numerically / alphabetically the Nth column[0m
[command]~[modifier][word,word][endmodifier][[column]][:line]	modifier:[0m endmodifier:[0m column:[0m Examples:[0m	$	sort in alphabetic order[0m
[command]~[modifier][word,word][endmodifier][[column]][:line]	modifier:[0m endmodifier:[0m column:[0m Examples:[0m	$$	sort + uniq[0m
[command]~[modifier][word,word][endmodifier][[column]][:line]	modifier:[0m endmodifier:[0m column:[0m Examples:[0m	$!	inverse alphabetical sort[0m
[command]~[modifier][word,word][endmodifier][[column]][:line]	modifier:[0m endmodifier:[0m column:[0m Examples:[0m	$!!	reverse the lines (like the `tac` tool)[0m
[command]~[modifier][word,word][endmodifier][[column]][:line]	modifier:[0m endmodifier:[0m column:[0m Examples:[0m	,	token to define another keyword[0m
[command]~[modifier][word,word][endmodifier][[column]][:line]	modifier:[0m endmodifier:[0m column:[0m Examples:[0m	+	case insensitive grep (grep -i)[0m
[command]~[modifier][word,word][endmodifier][[column]][:line]	modifier:[0m endmodifier:[0m column:[0m Examples:[0m	*	zoom level[0m
[command]~[modifier][word,word][endmodifier][[column]][:line]	modifier:[0m endmodifier:[0m column:[0m Examples:[0m	^	words must be placed at the beginning of line[0m
[command]~[modifier][word,word][endmodifier][[column]][:line]	modifier:[0m endmodifier:[0m column:[0m Examples:[0m	!	negate grep[0m
[command]~[modifier][word,word][endmodifier][[column]][:line]	modifier:[0m endmodifier:[0m column:[0m Examples:[0m	?	count number of matching lines[0m
[command]~[modifier][word,word][endmodifier][[column]][:line]	modifier:[0m endmodifier:[0m column:[0m Examples:[0m	?.	count number chars[0m
[command]~[modifier][word,word][endmodifier][[column]][:line]	modifier:[0m endmodifier:[0m column:[0m Examples:[0m	??	show this help message[0m
[command]~[modifier][word,word][endmodifier][[column]][:line]	modifier:[0m endmodifier:[0m column:[0m Examples:[0m	?ea	convert text into seven segment style ascii art[0m
[command]~[modifier][word,word][endmodifier][[column]][:line]	modifier:[0m endmodifier:[0m column:[0m Examples:[0m	:s..e	show lines s-e[0m
[command]~[modifier][word,word][endmodifier][[column]][:line]	modifier:[0m endmodifier:[0m column:[0m Examples:[0m	..	internal 'less'[0m
[command]~[modifier][word,word][endmodifier][[column]][:line]	modifier:[0m endmodifier:[0m column:[0m Examples:[0m	...	internal 'hud' (like V_)[0m
[command]~[modifier][word,word][endmodifier][[column]][:line]	modifier:[0m endmodifier:[0m column:[0m Examples:[0m	....	internal 'hud' in one line[0m
[command]~[modifier][word,word][endmodifier][[column]][:line]	modifier:[0m endmodifier:[0m column:[0m Examples:[0m	:)	parse C-like output from decompiler[0m
[command]~[modifier][word,word][endmodifier][[column]][:line]	modifier:[0m endmodifier:[0m column:[0m Examples:[0m	:))	code syntax highlight[0m
[command]~[modifier][word,word][endmodifier][[column]][:line]	modifier:[0m endmodifier:[0m column:[0m Examples:[0m	<50	perform zoom to the given text width on the buffer[0m
[command]~[modifier][word,word][endmodifier][[column]][:line]	modifier:[0m endmodifier:[0m column:[0m Examples:[0m	<>	xml indentation[0m
[command]~[modifier][word,word][endmodifier][[column]][:line]	modifier:[0m endmodifier:[0m column:[0m Examples:[0m	{:	human friendly indentation (yes, it's a smiley)[0m
[command]~[modifier][word,word][endmodifier][[column]][:line]	modifier:[0m endmodifier:[0m column:[0m Examples:[0m	{:..	less the output of {:[0m
[command]~[modifier][word,word][endmodifier][[column]][:line]	modifier:[0m endmodifier:[0m column:[0m Examples:[0m	{:...	hud the output of {:[0m
[command]~[modifier][word,word][endmodifier][[column]][:line]	modifier:[0m endmodifier:[0m column:[0m Examples:[0m	{}	json indentation[0m
[command]~[modifier][word,word][endmodifier][[column]][:line]	modifier:[0m endmodifier:[0m column:[0m Examples:[0m	{}..	less json indentation[0m
[command]~[modifier][word,word][endmodifier][[column]][:line]	modifier:[0m endmodifier:[0m column:[0m Examples:[0m	{}...	hud json indentation[0m
[command]~[modifier][word,word][endmodifier][[column]][:line]	modifier:[0m endmodifier:[0m column:[0m Examples:[0m	{=}	gron-like output (key=value)[0m
[command]~[modifier][word,word][endmodifier][[column]][:line]	modifier:[0m endmodifier:[0m column:[0m Examples:[0m	{path}	json path grep[0m
[command]~[modifier][word,word][endmodifier][[column]][:line]	modifier:[0m endmodifier:[0m column:[0m Examples:[0m	$	words must be placed at the end of line[0m
[command]~[modifier][word,word][endmodifier][[column]][:line]	modifier:[0m endmodifier:[0m column:[0m Examples:[0m	[n]	show only column n[0m
[command]~[modifier][word,word][endmodifier][[column]][:line]	modifier:[0m endmodifier:[0m column:[0m Examples:[0m	[n-m]	show column n to m[0m
[command]~[modifier][word,word][endmodifier][[column]][:line]	modifier:[0m endmodifier:[0m column:[0m Examples:[0m	[n-]	show all columns starting from column n[0m
[command]~[modifier][word,word][endmodifier][[column]][:line]	modifier:[0m endmodifier:[0m column:[0m Examples:[0m	[i,j,k]	show the columns i, j and k[0m
[command]~[modifier][word,word][endmodifier][[column]][:line]	modifier:[0m endmodifier:[0m column:[0m Examples:[0m	i~:0	show first line of 'i' output[0m
[command]~[modifier][word,word][endmodifier][[column]][:line]	modifier:[0m endmodifier:[0m column:[0m Examples:[0m	i~:-2	show the second to last line of 'i' output[0m
[command]~[modifier][word,word][endmodifier][[column]][:line]	modifier:[0m endmodifier:[0m column:[0m Examples:[0m	i~:0..3	show first three lines of 'i' output[0m
[command]~[modifier][word,word][endmodifier][[column]][:line]	modifier:[0m endmodifier:[0m column:[0m Examples:[0m	pd~mov	disasm and grep for mov[0m
[command]~[modifier][word,word][endmodifier][[column]][:line]	modifier:[0m endmodifier:[0m column:[0m Examples:[0m	pi~[0]	show only opcode[0m
[command]~[modifier][word,word][endmodifier][[column]][:line]	modifier:[0m endmodifier:[0m column:[0m Examples:[0m	i~0x400$	show lines ending with 0x400[0m
$alias[=cmd] [args...]	Alias commands and data (See ?$? for help on $variables)	$	list all defined aliases
$alias[=cmd] [args...]	Alias commands and data (See ?$? for help on $variables)	$*	list all defined aliases and their values, with unprintable characters escaped
$alias[=cmd] [args...]	Alias commands and data (See ?$? for help on $variables)	$**	list all defined aliases and their values, with unprintable characters escaped , but if an alias contains unprintable characters, b64 encode it
$alias[=cmd] [args...]	Alias commands and data (See ?$? for help on $variables)	$foo:=123	alias for 'f foo=123'
$alias[=cmd] [args...]	Alias commands and data (See ?$? for help on $variables)	$foo-=4	alias for 'f foo-=4'
$alias[=cmd] [args...]	Alias commands and data (See ?$? for help on $variables)	$foo+=4	alias for 'f foo+=4'
$alias[=cmd] [args...]	Alias commands and data (See ?$? for help on $variables)	$foo	alias for 's foo' (note that command aliases can override flag resolution)
$alias[=cmd] [args...]	Alias commands and data (See ?$? for help on $variables)	$dis=base64:AAA=	alias $dis to the raw bytes from decoding this base64 string
$alias[=cmd] [args...]	Alias commands and data (See ?$? for help on $variables)	$dis=$hello world	alias $dis to the string after '$'
$alias[=cmd] [args...]	Alias commands and data (See ?$? for help on $variables)	$dis=$hello\\nworld\\0a	string aliases accept double-backslash and hex escaping
$alias[=cmd] [args...]	Alias commands and data (See ?$? for help on $variables)	$dis=-	edit $dis in cfg.editor (use single-backslashes for escaping)
$alias[=cmd] [args...]	Alias commands and data (See ?$? for help on $variables)	$dis=af	alias $dis to the af command
$alias[=cmd] [args...]	Alias commands and data (See ?$? for help on $variables)	"""$dis=af;pdf"""	alias $dis to run af, then pdf. you must quote the whole command.
$alias[=cmd] [args...]	Alias commands and data (See ?$? for help on $variables)	$test=. /tmp/test.js	create command - rlangpipe script
$alias[=cmd] [args...]	Alias commands and data (See ?$? for help on $variables)	$dis=	undefine alias
$alias[=cmd] [args...]	Alias commands and data (See ?$? for help on $variables)	$dis	execute a defined command alias, or print a data alias with unprintable characters escaped
$alias[=cmd] [args...]	Alias commands and data (See ?$? for help on $variables)	$dis?	show commands aliased by $dis
?v [$.]		flag	offset of flag
?v [$.]		${ev}	get value of eval config variable
?v [$.]		$$	here (current virtual seek)
?v [$.]		$$$	current non-temporary virtual seek
?v [$.]		$?	last comparison value
?v [$.]		$alias=value	alias commands (simple macros)
?v [$.]		$B	base address (aligned lowest map address)
?v [$.]		$b	block size
?v [$.]		$c	get terminal width in character columns
?v [$.]		$Cn	get nth call of function
?v [$.]		$D	current debug map base address ?v $D @ rsp
?v [$.]		$DB	same as dbg.baddr, progam base address
?v [$.]		$DD	current debug map size
?v [$.]		$Dn	get nth data reference in function
?v [$.]		$e	1 if end of block, else 0
?v [$.]		$e{flag}	end of flag (flag->offset + flag->size)
?v [$.]		$f	jump fail address (e.g. jz 0x10 => next instruction)
?v [$.]		$F	same as $FB
?v [$.]		$Fb	begin of basic block
?v [$.]		$FB	begin of function
?v [$.]		$Fe	end of basic block
?v [$.]		$FE	end of function
?v [$.]		$Ff	function false destination
?v [$.]		$Fi	basic block instructions
?v [$.]		$FI	function instructions
?v [$.]		$Fj	function jump destination
?v [$.]		$fl	flag length (size) at current address (fla; pD $l @ entry0)
?v [$.]		$FS	function size (linear length)
?v [$.]		$Fs	size of the current basic block
?v [$.]		$FSS	function size (sum bb sizes)
?v [$.]		$i{n}	address of nth instruction forward
?v [$.]		$I{n}	address of nth instruction backward (s $I1@$Fe) #last instr in bb
?v [$.]		$j	jump address (e.g. jmp 0x10, jz 0x10 => 0x10)
?v [$.]		$Ja	get nth jump of function
?v [$.]		$k{kv}	get value of an sdb query value
?v [$.]		$l	opcode length
?v [$.]		$M	map address (lowest map address)
?v [$.]		$m	opcode memory reference (e.g. mov eax,[0x10] => 0x10)
?v [$.]		$MM	map size (lowest map address)
?v [$.]		$O	cursor here (current offset pointed by the cursor)
?v [$.]		$o	here (current disk io offset)
?v [$.]		$p	getpid()
?v [$.]		$P	pid of children (only in debug)
?v [$.]		$r	get console height (in rows, see $c for columns)
?v [$.]		$r{reg}	get value of named register ($r{PC} and $r:PC syntax is supported)
?v [$.]		$s	file size
?v [$.]		$S	section offset
?v [$.]		$SS	section size
?v [$.]		$s{flag}	get size of flag
?v [$.]		$v	opcode immediate value (e.g. lui a0,0x8010 => 0x8010)
?v [$.]		$w	get word size, 4 if asm.bits=32, 8 if 64, ...
?v [$.]		$Xn	get nth xref of function
?v [$.]		RNum	$variables usable in math expressions
[.][times][cmd][~grep][@[@iter]addr!size][|>pipe] ; ...	Prefix with number to repeat command N times (f.ex: 3x)	%var=value	alias for 'env' command
[.][times][cmd][~grep][@[@iter]addr!size][|>pipe] ; ...	Prefix with number to repeat command N times (f.ex: 3x)	"""[?][""..|..""]"	quote to not evaluate special chars
[.][times][cmd][~grep][@[@iter]addr!size][|>pipe] ; ...	Prefix with number to repeat command N times (f.ex: 3x)	'[...]	run a command without evaluating any special chars (see ?')
[.][times][cmd][~grep][@[@iter]addr!size][|>pipe] ; ...	Prefix with number to repeat command N times (f.ex: 3x)	*[?] off[=[0x]value]	pointer read/write data/values (see ?v, wx, wv)
[.][times][cmd][~grep][@[@iter]addr!size][|>pipe] ; ...	Prefix with number to repeat command N times (f.ex: 3x)	(macro arg0 arg1)	manage scripting macros
[.][times][cmd][~grep][@[@iter]addr!size][|>pipe] ; ...	Prefix with number to repeat command N times (f.ex: 3x)	.[?] [-|(m)|f|!sh|cmd]	Define macro or load r2, cparse or rlang file
[.][times][cmd][~grep][@[@iter]addr!size][|>pipe] ; ...	Prefix with number to repeat command N times (f.ex: 3x)	,[?] [/jhr]	create and query or filter a table with data from file
[.][times][cmd][~grep][@[@iter]addr!size][|>pipe] ; ...	Prefix with number to repeat command N times (f.ex: 3x)	:cmd	run an io command (same as =!)
[.][times][cmd][~grep][@[@iter]addr!size][|>pipe] ; ...	Prefix with number to repeat command N times (f.ex: 3x)	-[?]	open editor and run the r2 commands in the saved document
[.][times][cmd][~grep][@[@iter]addr!size][|>pipe] ; ...	Prefix with number to repeat command N times (f.ex: 3x)	_[?]	Print last output
[.][times][cmd][~grep][@[@iter]addr!size][|>pipe] ; ...	Prefix with number to repeat command N times (f.ex: 3x)	=[?] [cmd]	submit or listen to remote commands
[.][times][cmd][~grep][@[@iter]addr!size][|>pipe] ; ...	Prefix with number to repeat command N times (f.ex: 3x)	<[str]	feed stdin with given escaped string
[.][times][cmd][~grep][@[@iter]addr!size][|>pipe] ; ...	Prefix with number to repeat command N times (f.ex: 3x)	/[?]	search for bytes, regexps, patterns, ..
[.][times][cmd][~grep][@[@iter]addr!size][|>pipe] ; ...	Prefix with number to repeat command N times (f.ex: 3x)	![?] [cmd]	run given command as in system(3)
[.][times][cmd][~grep][@[@iter]addr!size][|>pipe] ; ...	Prefix with number to repeat command N times (f.ex: 3x)	#[?] !lang [..]	Hashbang to run an rlang script
[.][times][cmd][~grep][@[@iter]addr!size][|>pipe] ; ...	Prefix with number to repeat command N times (f.ex: 3x)	{[?] ...}	run a command using the json syntax for r2pipe2
[.][times][cmd][~grep][@[@iter]addr!size][|>pipe] ; ...	Prefix with number to repeat command N times (f.ex: 3x)	a[?]	analysis commands
[.][times][cmd][~grep][@[@iter]addr!size][|>pipe] ; ...	Prefix with number to repeat command N times (f.ex: 3x)	b[?]	display or change the block size
[.][times][cmd][~grep][@[@iter]addr!size][|>pipe] ; ...	Prefix with number to repeat command N times (f.ex: 3x)	c[?] [arg]	compare block with given data
[.][times][cmd][~grep][@[@iter]addr!size][|>pipe] ; ...	Prefix with number to repeat command N times (f.ex: 3x)	C[?]	code metadata (comments, format, hints, ..)
[.][times][cmd][~grep][@[@iter]addr!size][|>pipe] ; ...	Prefix with number to repeat command N times (f.ex: 3x)	d[?]	debugger commands
[.][times][cmd][~grep][@[@iter]addr!size][|>pipe] ; ...	Prefix with number to repeat command N times (f.ex: 3x)	e[?] [a[=b]]	list/get/set config evaluable vars
[.][times][cmd][~grep][@[@iter]addr!size][|>pipe] ; ...	Prefix with number to repeat command N times (f.ex: 3x)	f[?] [name][sz][at]	add flag at current address
[.][times][cmd][~grep][@[@iter]addr!size][|>pipe] ; ...	Prefix with number to repeat command N times (f.ex: 3x)	g[?] [arg]	generate shellcodes with r_egg
[.][times][cmd][~grep][@[@iter]addr!size][|>pipe] ; ...	Prefix with number to repeat command N times (f.ex: 3x)	i[?] [file]	get info about opened file from r_bin
[.][times][cmd][~grep][@[@iter]addr!size][|>pipe] ; ...	Prefix with number to repeat command N times (f.ex: 3x)	k[?] [query]	evaluate an sdb query
[.][times][cmd][~grep][@[@iter]addr!size][|>pipe] ; ...	Prefix with number to repeat command N times (f.ex: 3x)	l[?] [filepattern]	list files and directories
[.][times][cmd][~grep][@[@iter]addr!size][|>pipe] ; ...	Prefix with number to repeat command N times (f.ex: 3x)	L[?] [-] [plugin]	list, unload load r2 plugins
[.][times][cmd][~grep][@[@iter]addr!size][|>pipe] ; ...	Prefix with number to repeat command N times (f.ex: 3x)	m[?]	mount filesystems and inspect its contents
[.][times][cmd][~grep][@[@iter]addr!size][|>pipe] ; ...	Prefix with number to repeat command N times (f.ex: 3x)	o[?] [file] ([addr])	open file at optional address
[.][times][cmd][~grep][@[@iter]addr!size][|>pipe] ; ...	Prefix with number to repeat command N times (f.ex: 3x)	p[?] [len]	print current block with format and length
[.][times][cmd][~grep][@[@iter]addr!size][|>pipe] ; ...	Prefix with number to repeat command N times (f.ex: 3x)	P[?]	project management utilities
[.][times][cmd][~grep][@[@iter]addr!size][|>pipe] ; ...	Prefix with number to repeat command N times (f.ex: 3x)	q[?] [ret]	quit program with a return value
[.][times][cmd][~grep][@[@iter]addr!size][|>pipe] ; ...	Prefix with number to repeat command N times (f.ex: 3x)	r[?] [len]	resize file
[.][times][cmd][~grep][@[@iter]addr!size][|>pipe] ; ...	Prefix with number to repeat command N times (f.ex: 3x)	s[?] [addr]	seek to given address
[.][times][cmd][~grep][@[@iter]addr!size][|>pipe] ; ...	Prefix with number to repeat command N times (f.ex: 3x)	t[?]	types, noreturn, signatures, C parser and more
[.][times][cmd][~grep][@[@iter]addr!size][|>pipe] ; ...	Prefix with number to repeat command N times (f.ex: 3x)	T[?] [-] [num|msg]	text log utility (used to chat, sync, log, ...)
[.][times][cmd][~grep][@[@iter]addr!size][|>pipe] ; ...	Prefix with number to repeat command N times (f.ex: 3x)	u[?]	uname/undo seek/write
[.][times][cmd][~grep][@[@iter]addr!size][|>pipe] ; ...	Prefix with number to repeat command N times (f.ex: 3x)	v	panels mode
[.][times][cmd][~grep][@[@iter]addr!size][|>pipe] ; ...	Prefix with number to repeat command N times (f.ex: 3x)	V	visual mode (Vv: func/var, VV: graph mode, ...)
[.][times][cmd][~grep][@[@iter]addr!size][|>pipe] ; ...	Prefix with number to repeat command N times (f.ex: 3x)	w[?] [str]	multiple write operations
[.][times][cmd][~grep][@[@iter]addr!size][|>pipe] ; ...	Prefix with number to repeat command N times (f.ex: 3x)	x[?] [len]	alias for 'px' (print hexadecimal)
[.][times][cmd][~grep][@[@iter]addr!size][|>pipe] ; ...	Prefix with number to repeat command N times (f.ex: 3x)	y[?] [len] [[[@]addr	yank/paste bytes from/to memory
[.][times][cmd][~grep][@[@iter]addr!size][|>pipe] ; ...	Prefix with number to repeat command N times (f.ex: 3x)	z[?]	zignatures management
[.][times][cmd][~grep][@[@iter]addr!size][|>pipe] ; ...	Prefix with number to repeat command N times (f.ex: 3x)	?[??][expr]	help or evaluate math expression
[.][times][cmd][~grep][@[@iter]addr!size][|>pipe] ; ...	Prefix with number to repeat command N times (f.ex: 3x)	?$?	show available '$' variables and aliases
[.][times][cmd][~grep][@[@iter]addr!size][|>pipe] ; ...	Prefix with number to repeat command N times (f.ex: 3x)	?@?	"misc help for '@' (seek), '~' (grep) (see ~?""""?)"
[.][times][cmd][~grep][@[@iter]addr!size][|>pipe] ; ...	Prefix with number to repeat command N times (f.ex: 3x)	?>?	output redirection
[.][times][cmd][~grep][@[@iter]addr!size][|>pipe] ; ...	Prefix with number to repeat command N times (f.ex: 3x)	?|?	help for '|' (pipe)
"""[""..|..""]"	quote the command to avoid evaluating special characters y;x)	"""?"	show this help, NOTE that a single quote is simpler and works the same
"""[""..|..""]"	quote the command to avoid evaluating special characters y;x)	"""?e hello \""world\"""""	"print (hello ""world"")"
"""[""..|..""]"	quote the command to avoid evaluating special characters y;x)	"""?e x;y"";""?e y;x"""	run two commands (prints x;y
"""[""..|..""]"	quote the command to avoid evaluating special characters y;x)	"""""[cmd]"	directly call a command ignoring all special chars (fast)
"""[""..|..""]"	quote the command to avoid evaluating special characters y;x)	"""""@addr""""[cmd]"	call a command with a temporal seek (EXPERIMENTAL)
"""[""..|..""]"	quote the command to avoid evaluating special characters y;x)	"""""?e x;y"";""?e y;x"	"run two commands ignoring special chars (prints x;y"";""?e y;x)"
*<addr>[=[0x]value]	Pointer read/write data/values	*entry0=cc	write trap in entrypoint
*<addr>[=[0x]value]	Pointer read/write data/values	*entry0+10=0x804800	write value in delta address
*<addr>[=[0x]value]	Pointer read/write data/values	*entry0	read byte at given address
*<addr>[=[0x]value]	Pointer read/write data/values	*/	end multiline comment. (use '/*' to start mulitiline comment
.[r2cmd] | [file] | [!command] | [(macro)]	# define macro or interpret r2, r_lang, cparse, d, es6, exe, go, js, lsp, pl, py, rb, sh, vala or zig file	.	repeat last command backward
.[r2cmd] | [file] | [!command] | [(macro)]	# define macro or interpret r2, r_lang, cparse, d, es6, exe, go, js, lsp, pl, py, rb, sh, vala or zig file	.C*	run 'C*' command and interpret the printed commands
.[r2cmd] | [file] | [!command] | [(macro)]	# define macro or interpret r2, r_lang, cparse, d, es6, exe, go, js, lsp, pl, py, rb, sh, vala or zig file	..123	alias for s..123 (notice the lack of space)
.[r2cmd] | [file] | [!command] | [(macro)]	# define macro or interpret r2, r_lang, cparse, d, es6, exe, go, js, lsp, pl, py, rb, sh, vala or zig file	.. [file]	run the output of the execution of a script as r2 commands
.[r2cmd] | [file] | [!command] | [(macro)]	# define macro or interpret r2, r_lang, cparse, d, es6, exe, go, js, lsp, pl, py, rb, sh, vala or zig file	...	repeat last command forward (same as \n)
.[r2cmd] | [file] | [!command] | [(macro)]	# define macro or interpret r2, r_lang, cparse, d, es6, exe, go, js, lsp, pl, py, rb, sh, vala or zig file	.--	terminate tcp server for remote commands
.[r2cmd] | [file] | [!command] | [(macro)]	# define macro or interpret r2, r_lang, cparse, d, es6, exe, go, js, lsp, pl, py, rb, sh, vala or zig file	. foo.r2	interpret script
.[r2cmd] | [file] | [!command] | [(macro)]	# define macro or interpret r2, r_lang, cparse, d, es6, exe, go, js, lsp, pl, py, rb, sh, vala or zig file	. foo.py	also works for running r2pipe and rlang scripts
.[r2cmd] | [file] | [!command] | [(macro)]	# define macro or interpret r2, r_lang, cparse, d, es6, exe, go, js, lsp, pl, py, rb, sh, vala or zig file	.-	open cfg.editor and interpret tmp file
.[r2cmd] | [file] | [!command] | [(macro)]	# define macro or interpret r2, r_lang, cparse, d, es6, exe, go, js, lsp, pl, py, rb, sh, vala or zig file	.* file ...	same as #!pipe open cfg.editor and interpret tmp file
.[r2cmd] | [file] | [!command] | [(macro)]	# define macro or interpret r2, r_lang, cparse, d, es6, exe, go, js, lsp, pl, py, rb, sh, vala or zig file	.!rabin -ri $FILE	interpret output of command
.[r2cmd] | [file] | [!command] | [(macro)]	# define macro or interpret r2, r_lang, cparse, d, es6, exe, go, js, lsp, pl, py, rb, sh, vala or zig file	.(foo 1 2 3)	run macro 'foo' with args 1, 2, 3
.[r2cmd] | [file] | [!command] | [(macro)]	# define macro or interpret r2, r_lang, cparse, d, es6, exe, go, js, lsp, pl, py, rb, sh, vala or zig file	./ ELF	interpret output of command /m ELF as r. commands
,[,.-/*jhr] [file]	# load table data RTableQuery> comma separated. 'c' stands for column name. c/sort/inc     sort rows by given colname c/sortlen/inc  sort rows by strlen() c/cols/c1/c2   only show selected columns c/gt/0x800     grep rows matching col0 > 0x800 c/lt/0x800     grep rows matching col0 < 0x800 c/eq/0x800     grep rows matching col0 == 0x800 c/ne/0x800     grep rows matching col0 != 0x800 */uniq         get the first row of each that col0 is unique */head/10      same as | head -n 10 */skip/10      skip the first 10 rows */tail/10      same as | tail -n 10 */page/1/10    show the first 10 rows (/page/2/10 will show the 2nd) c/str/warn     grep rows matching col(name).str(warn) c/nostr/warn   grep rows not matching col(name).str(warn) c/strlen/3     grep rows matching strlen(col) == X c/minlen/3     grep rows matching strlen(col) > X c/maxlen/3     grep rows matching strlen(col) < X c/sum          sum all the values of given column :r2            .tostring() == .tor2()         # supports import/export :csv           .tostring() == .tocsv()        # supports import/export :tsv           .tostring() == .totsv()        # supports import/export :fancy         .tostring() == .tofancystring() :html          .tostring() == .tohtml() :json          .tostring() == .tojson() :simple        simple table output without lines :sql           .tostring() == .tosql() # export table contents in SQL statements :header        show column headers (see :quiet and :noheader) :quiet         do not print column names header	,	display table
,[,.-/*jhr] [file]	# load table data RTableQuery> comma separated. 'c' stands for column name. c/sort/inc     sort rows by given colname c/sortlen/inc  sort rows by strlen() c/cols/c1/c2   only show selected columns c/gt/0x800     grep rows matching col0 > 0x800 c/lt/0x800     grep rows matching col0 < 0x800 c/eq/0x800     grep rows matching col0 == 0x800 c/ne/0x800     grep rows matching col0 != 0x800 */uniq         get the first row of each that col0 is unique */head/10      same as | head -n 10 */skip/10      skip the first 10 rows */tail/10      same as | tail -n 10 */page/1/10    show the first 10 rows (/page/2/10 will show the 2nd) c/str/warn     grep rows matching col(name).str(warn) c/nostr/warn   grep rows not matching col(name).str(warn) c/strlen/3     grep rows matching strlen(col) == X c/minlen/3     grep rows matching strlen(col) > X c/maxlen/3     grep rows matching strlen(col) < X c/sum          sum all the values of given column :r2            .tostring() == .tor2()         # supports import/export :csv           .tostring() == .tocsv()        # supports import/export :tsv           .tostring() == .totsv()        # supports import/export :fancy         .tostring() == .tofancystring() :html          .tostring() == .tohtml() :json          .tostring() == .tojson() :simple        simple table output without lines :sql           .tostring() == .tosql() # export table contents in SQL statements :header        show column headers (see :quiet and :noheader) :quiet         do not print column names header	, [table-query]	filter and print table. See ,? for more details
,[,.-/*jhr] [file]	# load table data RTableQuery> comma separated. 'c' stands for column name. c/sort/inc     sort rows by given colname c/sortlen/inc  sort rows by strlen() c/cols/c1/c2   only show selected columns c/gt/0x800     grep rows matching col0 > 0x800 c/lt/0x800     grep rows matching col0 < 0x800 c/eq/0x800     grep rows matching col0 == 0x800 c/ne/0x800     grep rows matching col0 != 0x800 */uniq         get the first row of each that col0 is unique */head/10      same as | head -n 10 */skip/10      skip the first 10 rows */tail/10      same as | tail -n 10 */page/1/10    show the first 10 rows (/page/2/10 will show the 2nd) c/str/warn     grep rows matching col(name).str(warn) c/nostr/warn   grep rows not matching col(name).str(warn) c/strlen/3     grep rows matching strlen(col) == X c/minlen/3     grep rows matching strlen(col) > X c/maxlen/3     grep rows matching strlen(col) < X c/sum          sum all the values of given column :r2            .tostring() == .tor2()         # supports import/export :csv           .tostring() == .tocsv()        # supports import/export :tsv           .tostring() == .totsv()        # supports import/export :fancy         .tostring() == .tofancystring() :html          .tostring() == .tohtml() :json          .tostring() == .tojson() :simple        simple table output without lines :sql           .tostring() == .tosql() # export table contents in SQL statements :header        show column headers (see :quiet and :noheader) :quiet         do not print column names header	,. file.csv	load table from CSV file (comma dot)
,[,.-/*jhr] [file]	# load table data RTableQuery> comma separated. 'c' stands for column name. c/sort/inc     sort rows by given colname c/sortlen/inc  sort rows by strlen() c/cols/c1/c2   only show selected columns c/gt/0x800     grep rows matching col0 > 0x800 c/lt/0x800     grep rows matching col0 < 0x800 c/eq/0x800     grep rows matching col0 == 0x800 c/ne/0x800     grep rows matching col0 != 0x800 */uniq         get the first row of each that col0 is unique */head/10      same as | head -n 10 */skip/10      skip the first 10 rows */tail/10      same as | tail -n 10 */page/1/10    show the first 10 rows (/page/2/10 will show the 2nd) c/str/warn     grep rows matching col(name).str(warn) c/nostr/warn   grep rows not matching col(name).str(warn) c/strlen/3     grep rows matching strlen(col) == X c/minlen/3     grep rows matching strlen(col) > X c/maxlen/3     grep rows matching strlen(col) < X c/sum          sum all the values of given column :r2            .tostring() == .tor2()         # supports import/export :csv           .tostring() == .tocsv()        # supports import/export :tsv           .tostring() == .totsv()        # supports import/export :fancy         .tostring() == .tofancystring() :html          .tostring() == .tohtml() :json          .tostring() == .tojson() :simple        simple table output without lines :sql           .tostring() == .tosql() # export table contents in SQL statements :header        show column headers (see :quiet and :noheader) :quiet         do not print column names header	,,	print table in csv format (comma comma)
,[,.-/*jhr] [file]	# load table data RTableQuery> comma separated. 'c' stands for column name. c/sort/inc     sort rows by given colname c/sortlen/inc  sort rows by strlen() c/cols/c1/c2   only show selected columns c/gt/0x800     grep rows matching col0 > 0x800 c/lt/0x800     grep rows matching col0 < 0x800 c/eq/0x800     grep rows matching col0 == 0x800 c/ne/0x800     grep rows matching col0 != 0x800 */uniq         get the first row of each that col0 is unique */head/10      same as | head -n 10 */skip/10      skip the first 10 rows */tail/10      same as | tail -n 10 */page/1/10    show the first 10 rows (/page/2/10 will show the 2nd) c/str/warn     grep rows matching col(name).str(warn) c/nostr/warn   grep rows not matching col(name).str(warn) c/strlen/3     grep rows matching strlen(col) == X c/minlen/3     grep rows matching strlen(col) > X c/maxlen/3     grep rows matching strlen(col) < X c/sum          sum all the values of given column :r2            .tostring() == .tor2()         # supports import/export :csv           .tostring() == .tocsv()        # supports import/export :tsv           .tostring() == .totsv()        # supports import/export :fancy         .tostring() == .tofancystring() :html          .tostring() == .tohtml() :json          .tostring() == .tojson() :simple        simple table output without lines :sql           .tostring() == .tosql() # export table contents in SQL statements :header        show column headers (see :quiet and :noheader) :quiet         do not print column names header	,-	reset table
,[,.-/*jhr] [file]	# load table data RTableQuery> comma separated. 'c' stands for column name. c/sort/inc     sort rows by given colname c/sortlen/inc  sort rows by strlen() c/cols/c1/c2   only show selected columns c/gt/0x800     grep rows matching col0 > 0x800 c/lt/0x800     grep rows matching col0 < 0x800 c/eq/0x800     grep rows matching col0 == 0x800 c/ne/0x800     grep rows matching col0 != 0x800 */uniq         get the first row of each that col0 is unique */head/10      same as | head -n 10 */skip/10      skip the first 10 rows */tail/10      same as | tail -n 10 */page/1/10    show the first 10 rows (/page/2/10 will show the 2nd) c/str/warn     grep rows matching col(name).str(warn) c/nostr/warn   grep rows not matching col(name).str(warn) c/strlen/3     grep rows matching strlen(col) == X c/minlen/3     grep rows matching strlen(col) > X c/maxlen/3     grep rows matching strlen(col) < X c/sum          sum all the values of given column :r2            .tostring() == .tor2()         # supports import/export :csv           .tostring() == .tocsv()        # supports import/export :tsv           .tostring() == .totsv()        # supports import/export :fancy         .tostring() == .tofancystring() :html          .tostring() == .tohtml() :json          .tostring() == .tojson() :simple        simple table output without lines :sql           .tostring() == .tosql() # export table contents in SQL statements :header        show column headers (see :quiet and :noheader) :quiet         do not print column names header	,/?	query/filter current table (non-destructive)
,[,.-/*jhr] [file]	# load table data RTableQuery> comma separated. 'c' stands for column name. c/sort/inc     sort rows by given colname c/sortlen/inc  sort rows by strlen() c/cols/c1/c2   only show selected columns c/gt/0x800     grep rows matching col0 > 0x800 c/lt/0x800     grep rows matching col0 < 0x800 c/eq/0x800     grep rows matching col0 == 0x800 c/ne/0x800     grep rows matching col0 != 0x800 */uniq         get the first row of each that col0 is unique */head/10      same as | head -n 10 */skip/10      skip the first 10 rows */tail/10      same as | tail -n 10 */page/1/10    show the first 10 rows (/page/2/10 will show the 2nd) c/str/warn     grep rows matching col(name).str(warn) c/nostr/warn   grep rows not matching col(name).str(warn) c/strlen/3     grep rows matching strlen(col) == X c/minlen/3     grep rows matching strlen(col) > X c/maxlen/3     grep rows matching strlen(col) < X c/sum          sum all the values of given column :r2            .tostring() == .tor2()         # supports import/export :csv           .tostring() == .tocsv()        # supports import/export :tsv           .tostring() == .totsv()        # supports import/export :fancy         .tostring() == .tofancystring() :html          .tostring() == .tohtml() :json          .tostring() == .tojson() :simple        simple table output without lines :sql           .tostring() == .tosql() # export table contents in SQL statements :header        show column headers (see :quiet and :noheader) :quiet         do not print column names header	,*>$foo	print table as r2 commands
,[,.-/*jhr] [file]	# load table data RTableQuery> comma separated. 'c' stands for column name. c/sort/inc     sort rows by given colname c/sortlen/inc  sort rows by strlen() c/cols/c1/c2   only show selected columns c/gt/0x800     grep rows matching col0 > 0x800 c/lt/0x800     grep rows matching col0 < 0x800 c/eq/0x800     grep rows matching col0 == 0x800 c/ne/0x800     grep rows matching col0 != 0x800 */uniq         get the first row of each that col0 is unique */head/10      same as | head -n 10 */skip/10      skip the first 10 rows */tail/10      same as | tail -n 10 */page/1/10    show the first 10 rows (/page/2/10 will show the 2nd) c/str/warn     grep rows matching col(name).str(warn) c/nostr/warn   grep rows not matching col(name).str(warn) c/strlen/3     grep rows matching strlen(col) == X c/minlen/3     grep rows matching strlen(col) > X c/maxlen/3     grep rows matching strlen(col) < X c/sum          sum all the values of given column :r2            .tostring() == .tor2()         # supports import/export :csv           .tostring() == .tocsv()        # supports import/export :tsv           .tostring() == .totsv()        # supports import/export :fancy         .tostring() == .tofancystring() :html          .tostring() == .tohtml() :json          .tostring() == .tojson() :simple        simple table output without lines :sql           .tostring() == .tosql() # export table contents in SQL statements :header        show column headers (see :quiet and :noheader) :quiet         do not print column names header	,j	print table in json format
,[,.-/*jhr] [file]	# load table data RTableQuery> comma separated. 'c' stands for column name. c/sort/inc     sort rows by given colname c/sortlen/inc  sort rows by strlen() c/cols/c1/c2   only show selected columns c/gt/0x800     grep rows matching col0 > 0x800 c/lt/0x800     grep rows matching col0 < 0x800 c/eq/0x800     grep rows matching col0 == 0x800 c/ne/0x800     grep rows matching col0 != 0x800 */uniq         get the first row of each that col0 is unique */head/10      same as | head -n 10 */skip/10      skip the first 10 rows */tail/10      same as | tail -n 10 */page/1/10    show the first 10 rows (/page/2/10 will show the 2nd) c/str/warn     grep rows matching col(name).str(warn) c/nostr/warn   grep rows not matching col(name).str(warn) c/strlen/3     grep rows matching strlen(col) == X c/minlen/3     grep rows matching strlen(col) > X c/maxlen/3     grep rows matching strlen(col) < X c/sum          sum all the values of given column :r2            .tostring() == .tor2()         # supports import/export :csv           .tostring() == .tocsv()        # supports import/export :tsv           .tostring() == .totsv()        # supports import/export :fancy         .tostring() == .tofancystring() :html          .tostring() == .tohtml() :json          .tostring() == .tojson() :simple        simple table output without lines :sql           .tostring() == .tosql() # export table contents in SQL statements :header        show column headers (see :quiet and :noheader) :quiet         do not print column names header	,h xxd foo bar cow	define header column names and types
,[,.-/*jhr] [file]	# load table data RTableQuery> comma separated. 'c' stands for column name. c/sort/inc     sort rows by given colname c/sortlen/inc  sort rows by strlen() c/cols/c1/c2   only show selected columns c/gt/0x800     grep rows matching col0 > 0x800 c/lt/0x800     grep rows matching col0 < 0x800 c/eq/0x800     grep rows matching col0 == 0x800 c/ne/0x800     grep rows matching col0 != 0x800 */uniq         get the first row of each that col0 is unique */head/10      same as | head -n 10 */skip/10      skip the first 10 rows */tail/10      same as | tail -n 10 */page/1/10    show the first 10 rows (/page/2/10 will show the 2nd) c/str/warn     grep rows matching col(name).str(warn) c/nostr/warn   grep rows not matching col(name).str(warn) c/strlen/3     grep rows matching strlen(col) == X c/minlen/3     grep rows matching strlen(col) > X c/maxlen/3     grep rows matching strlen(col) < X c/sum          sum all the values of given column :r2            .tostring() == .tor2()         # supports import/export :csv           .tostring() == .tocsv()        # supports import/export :tsv           .tostring() == .totsv()        # supports import/export :fancy         .tostring() == .tofancystring() :html          .tostring() == .tohtml() :json          .tostring() == .tojson() :simple        simple table output without lines :sql           .tostring() == .tosql() # export table contents in SQL statements :header        show column headers (see :quiet and :noheader) :quiet         do not print column names header	,r 1 2 foo	adds a row using the given format string
-	open editor and run the r2 commands in the saved document	'-' '.-' '. -'	those three commands do the same
-	open editor and run the r2 commands in the saved document	-8	same as s-8, but shorter to type (see +? command)
-	open editor and run the r2 commands in the saved document	-a x86	same as r2 -a x86 or e asm.arch=x86
-	open editor and run the r2 commands in the saved document	-A[?]	same as r2 -A or aaa
-	open editor and run the r2 commands in the saved document	-b 32	same as e or r2 -e
-	open editor and run the r2 commands in the saved document	-c cpu	same as r2 -e asm.cpu=
-	open editor and run the r2 commands in the saved document	-e k=v	same as r2 -b or e asm.bits
-	open editor and run the r2 commands in the saved document	-h	show this help (same as -?)
-	open editor and run the r2 commands in the saved document	-H key	same as r2 -H
-	open editor and run the r2 commands in the saved document	-k kernel	same as r2 -k or e asm.os
-	open editor and run the r2 commands in the saved document	-f	block size = file size (b $s)
-	open editor and run the r2 commands in the saved document	-j	enter the js: repl
-	open editor and run the r2 commands in the saved document	-i [file]	same as . [file], to run a script
-	open editor and run the r2 commands in the saved document	-s [addr]	same as r2 -e asm.cpu=
-	open editor and run the r2 commands in the saved document	-L	same as Lo (or r2 -L)
-	open editor and run the r2 commands in the saved document	-p project	same as 'P [prjname]' to load a project
-	open editor and run the r2 commands in the saved document	-P patchfile	apply given patch file (see doc/rapatch2.md)
-	open editor and run the r2 commands in the saved document	-v	same as -V
-	open editor and run the r2 commands in the saved document	-V	show r2 version, same as ?V
-	open editor and run the r2 commands in the saved document	--	seek one block backward. Same as s-- (see `b` command)
aaa[a[a]]	# automatically analyze the whole program	aaa	perform deeper analysis, most common use
aaa[a[a]]	# automatically analyze the whole program	aaaa	same as aaa but adds a bunch of experimental iterations
aaa[a[a]]	# automatically analyze the whole program	aaaaa	refine the analysis to find more functions after aaaa
aaa[a[a]]	# automatically analyze the whole program	_	print last output
=[:!+-=ghH] [...]	# connect with other instances of r2 remote commands: servers: other: examples:	=	list all open connections
=[:!+-=ghH] [...]	# connect with other instances of r2 remote commands: servers: other: examples:	=<[fd] cmd	send output of local command to remote fd
=[:!+-=ghH] [...]	# connect with other instances of r2 remote commands: servers: other: examples:	=[fd] cmd	exec cmd at remote 'fd' (last open is default one)
=[:!+-=ghH] [...]	# connect with other instances of r2 remote commands: servers: other: examples:	=! cmd	run command via r_io_system
=[:!+-=ghH] [...]	# connect with other instances of r2 remote commands: servers: other: examples:	=+ [proto://]host:port	connect to remote host:port (*rap://, raps://, tcp://, udp://, http://)
=[:!+-=ghH] [...]	# connect with other instances of r2 remote commands: servers: other: examples:	=-[fd]	remove all hosts or host 'fd'
=[:!+-=ghH] [...]	# connect with other instances of r2 remote commands: servers: other: examples:	==[fd]	open remote session with host 'fd', 'q' to quit
=[:!+-=ghH] [...]	# connect with other instances of r2 remote commands: servers: other: examples:	=!=	disable remote cmd mode
=[:!+-=ghH] [...]	# connect with other instances of r2 remote commands: servers: other: examples:	!=!	enable remote cmd mode
=[:!+-=ghH] [...]	# connect with other instances of r2 remote commands: servers: other: examples:	=l[?]	list, create or destroy background session server
=[:!+-=ghH] [...]	# connect with other instances of r2 remote commands: servers: other: examples:	=tport	start the tcp server (echo x|nc ::1 9090 or curl ::1:9090/cmd/x)
=[:!+-=ghH] [...]	# connect with other instances of r2 remote commands: servers: other: examples:	=rport	start the rap server (o rap://9999)
=[:!+-=ghH] [...]	# connect with other instances of r2 remote commands: servers: other: examples:	=g[?]	start the gdbserver
=[:!+-=ghH] [...]	# connect with other instances of r2 remote commands: servers: other: examples:	=h port	start the http webserver on 'port'
=[:!+-=ghH] [...]	# connect with other instances of r2 remote commands: servers: other: examples:	=H port	start the http webserver on 'port' (launch browser)
=[:!+-=ghH] [...]	# connect with other instances of r2 remote commands: servers: other: examples:	=&:port	start rap server in background (same as '&_=h')
=[:!+-=ghH] [...]	# connect with other instances of r2 remote commands: servers: other: examples:	=:host:port cmd	run 'cmd' command on remote server
=[:!+-=ghH] [...]	# connect with other instances of r2 remote commands: servers: other: examples:	=+tcp://localhost:9090/	connect to: r2 -c.:9090 ./bin
=[:!+-=ghH] [...]	# connect with other instances of r2 remote commands: servers: other: examples:	=+rap://localhost:9090/	connect to: r2 rap://:9090
=[:!+-=ghH] [...]	# connect with other instances of r2 remote commands: servers: other: examples:	=+http://localhost:9090/cmd/	connect to: r2 -c'=h 9090' bin
=[:!+-=ghH] [...]	# connect with other instances of r2 remote commands: servers: other: examples:	o rap://:9090/	start the rap server on tcp port 9090
=l	[..] list, create and destroy r2 sessions	=l	list all available sessions
=l	[..] list, create and destroy r2 sessions	=l [name]	give a name to the current session
=l	[..] list, create and destroy r2 sessions	=l-	stop listening in background
=l	[..] list, create and destroy r2 sessions	=ll	start a new session: listening for commands in background
=[g] [...]	# gdb server gdbserver:	=g port file [args]	listen on 'port' debugging 'file' using gdbserver
/[!bf] [arg]	Search stuff (see 'e??search' for options) Use io.va for searching in non virtual addressing spaces	/ foo\x00	search for string 'foo\0'
/[!bf] [arg]	Search stuff (see 'e??search' for options) Use io.va for searching in non virtual addressing spaces	/j foo\x00	search for string 'foo\0' (json output)
/[!bf] [arg]	Search stuff (see 'e??search' for options) Use io.va for searching in non virtual addressing spaces	/! ff	search for first occurrence not matching, command modifier
/[!bf] [arg]	Search stuff (see 'e??search' for options) Use io.va for searching in non virtual addressing spaces	/!x 00	inverse hexa search (find first byte != 0x00)
/[!bf] [arg]	Search stuff (see 'e??search' for options) Use io.va for searching in non virtual addressing spaces	/+ /bin/sh	construct the string with chunks
/[!bf] [arg]	Search stuff (see 'e??search' for options) Use io.va for searching in non virtual addressing spaces	//	repeat last search
/[!bf] [arg]	Search stuff (see 'e??search' for options) Use io.va for searching in non virtual addressing spaces	/a[?][1aoditfmsltf] jmp eax	find instructions by text or bytes (asm/disasm)
/[!bf] [arg]	Search stuff (see 'e??search' for options) Use io.va for searching in non virtual addressing spaces	/b[?][p]	search backwards, command modifier, followed by other command
/[!bf] [arg]	Search stuff (see 'e??search' for options) Use io.va for searching in non virtual addressing spaces	/c[?][adr]	search for crypto materials
/[!bf] [arg]	Search stuff (see 'e??search' for options) Use io.va for searching in non virtual addressing spaces	/d 101112	search for a deltified sequence of bytes
/[!bf] [arg]	Search stuff (see 'e??search' for options) Use io.va for searching in non virtual addressing spaces	/e /E.F/i	match regular expression
/[!bf] [arg]	Search stuff (see 'e??search' for options) Use io.va for searching in non virtual addressing spaces	/E esil-expr	offset matching given esil expressions $$ = here
/[!bf] [arg]	Search stuff (see 'e??search' for options) Use io.va for searching in non virtual addressing spaces	/f	search forwards, (command modifier)
/[!bf] [arg]	Search stuff (see 'e??search' for options) Use io.va for searching in non virtual addressing spaces	/F file [off] [sz]	search contents of file with offset and size
/[!bf] [arg]	Search stuff (see 'e??search' for options) Use io.va for searching in non virtual addressing spaces	/g[g] [from]	find all graph paths A to B (/gg follow jumps, see search.count and anal.depth)
/[!bf] [arg]	Search stuff (see 'e??search' for options) Use io.va for searching in non virtual addressing spaces	/h[?][algorithm] [digest] [size]	find block of size bytes having this digest. See ph
/[!bf] [arg]	Search stuff (see 'e??search' for options) Use io.va for searching in non virtual addressing spaces	/i foo	search for string 'foo' ignoring case
/[!bf] [arg]	Search stuff (see 'e??search' for options) Use io.va for searching in non virtual addressing spaces	/k foo	search for string 'foo' using Rabin Karp alg
/[!bf] [arg]	Search stuff (see 'e??search' for options) Use io.va for searching in non virtual addressing spaces	/m[?][ebm] magicfile	search for magic, filesystems or binary headers
/[!bf] [arg]	Search stuff (see 'e??search' for options) Use io.va for searching in non virtual addressing spaces	/o [n]	show offset of n instructions backward
/[!bf] [arg]	Search stuff (see 'e??search' for options) Use io.va for searching in non virtual addressing spaces	/O [n]	same as /o, but with a different fallback if anal cannot be used
/[!bf] [arg]	Search stuff (see 'e??search' for options) Use io.va for searching in non virtual addressing spaces	/p[?][p] patternsize	search for pattern of given size
/[!bf] [arg]	Search stuff (see 'e??search' for options) Use io.va for searching in non virtual addressing spaces	/P patternsize	search similar blocks
/[!bf] [arg]	Search stuff (see 'e??search' for options) Use io.va for searching in non virtual addressing spaces	/s[*] [threshold]	find sections by grouping blocks with similar entropy
/[!bf] [arg]	Search stuff (see 'e??search' for options) Use io.va for searching in non virtual addressing spaces	/r[?][erwx] sym.printf	analyze opcode reference an offset (/re for esil)
/[!bf] [arg]	Search stuff (see 'e??search' for options) Use io.va for searching in non virtual addressing spaces	/R[?] [grepopcode]	search for matching ROP gadgets, semicolon-separated
/[!bf] [arg]	Search stuff (see 'e??search' for options) Use io.va for searching in non virtual addressing spaces	/v[1248] value	look for an `cfg.bigendian` 32bit value
/[!bf] [arg]	Search stuff (see 'e??search' for options) Use io.va for searching in non virtual addressing spaces	/V[1248] min max	look for an `cfg.bigendian` 32bit value in range
/[!bf] [arg]	Search stuff (see 'e??search' for options) Use io.va for searching in non virtual addressing spaces	/w foo	search for wide string 'f\0o\0o\0'
/[!bf] [arg]	Search stuff (see 'e??search' for options) Use io.va for searching in non virtual addressing spaces	/wi foo	search for wide string ignoring case 'f\0o\0o\0'
/[!bf] [arg]	Search stuff (see 'e??search' for options) Use io.va for searching in non virtual addressing spaces	/x[?] [bytes]	search for hex string with mask, ignoring some nibbles
/[!bf] [arg]	Search stuff (see 'e??search' for options) Use io.va for searching in non virtual addressing spaces	/z min max	search for strings of given size
/[!bf] [arg]	Search stuff (see 'e??search' for options) Use io.va for searching in non virtual addressing spaces	/* [comment string]	add multiline comment, end it with '*/'
/a[?] [arg]	Search for assembly instructions matching given properties	/a push rbp	assemble given instruction and search the bytes
/a[?] [arg]	Search for assembly instructions matching given properties	/a1 [number]	find valid assembly generated by changing only the nth byte
/a[?] [arg]	Search for assembly instructions matching given properties	/aI	search for infinite loop instructions (jmp $$)
/a[?] [arg]	Search for assembly instructions matching given properties	/aa mov eax	linearly find aproximated assembly (case insensitive strstr)
/a[?] [arg]	Search for assembly instructions matching given properties	/ab[f] [delta]	search for backward jumps (usually loops)
/a[?] [arg]	Search for assembly instructions matching given properties	/ac mov eax	same as /aa, but case-sensitive
/a[?] [arg]	Search for assembly instructions matching given properties	/ad[?][/*jq] push;mov	match ins1 followed by ins2 in linear disasm
/a[?] [arg]	Search for assembly instructions matching given properties	/ae esil	search for esil expressions matching substring
/a[?] [arg]	Search for assembly instructions matching given properties	/af[l] family	search for instruction of specific family (afl=list)
/a[?] [arg]	Search for assembly instructions matching given properties	/aF[d] opstr	find instructions matching given opstr only in analyzed code
/a[?] [arg]	Search for assembly instructions matching given properties	/ai[j] 0x300 [0x500]	find all the instructions using that immediate (in range)
/a[?] [arg]	Search for assembly instructions matching given properties	/al	same as aoml, list all opcodes
/a[?] [arg]	Search for assembly instructions matching given properties	/am opcode	search for specific instructions of specific mnemonic
/a[?] [arg]	Search for assembly instructions matching given properties	/ao instr	search for instruction 'instr' (in all offsets)
/a[?] [arg]	Search for assembly instructions matching given properties	/as[qjl] ([type])	search for syscalls (See /at swi and /af priv)
/a[?] [arg]	Search for assembly instructions matching given properties	/at[?][qjl] ([type])	search for instructions of given type
/a[?] [arg]	Search for assembly instructions matching given properties	/az[q] ([minstr])	search assembly constructed strings (q)uiet reduces FP (uses bin.minsz)
/ad[/<*jq>] [value]	Backward search subcommands	/ad rax	search in plaintext disasm for matching instructions
/ad[/<*jq>] [value]	Backward search subcommands	/ad rax$	search in plaintext disasm for instruction matchin given glob expression
/ad[/<*jq>] [value]	Backward search subcommands	/adj rax	json output searching in disasm with plaintext
/ad[/<*jq>] [value]	Backward search subcommands	/adq rax	quiet mode ideal for scripting
/ad[/<*jq>] [value]	Backward search subcommands	/ad/ ins1;ins2	search for regex instruction 'ins1' followed by regex 'ins2'
/ad[/<*jq>] [value]	Backward search subcommands	/ad/a instr	search for every byte instruction that matches regexp 'instr'
/at[flmj] [arg]	Search for instructions matching type/family/mnemonic	/at [optype,optype2]	list instructions matching any of the comma separated optypes
/at[flmj] [arg]	Search for instructions matching type/family/mnemonic	/atj [optype,optype2]	list instructions matching any of the comma separated optypes  but using json as output
/at[flmj] [arg]	Search for instructions matching type/family/mnemonic	/atf [family]	search for given-family type of instructions
/at[flmj] [arg]	Search for instructions matching type/family/mnemonic	/atl	list all the instruction types (RAnalOp.Type)
/at[flmj] [arg]	Search for instructions matching type/family/mnemonic	/atm	search matching only the instruction mnemonic
/b[p]<command> [value]	Backward search subcommands	/b[x] [str|414243]	search in hexadecimal 'ABC' backwards starting in current address
/b[p]<command> [value]	Backward search subcommands	/bp	search previous prelude and set hit.prelude flag
/c	Search for crypto materials	/ca[?] [algo]	search for keys expanded in memory (algo can be 'aes' or 'sm4')
/c	Search for crypto materials	/cc[?] [algo] [digest]	find collisions (bruteforce block length values until given checksum is found)
/c	Search for crypto materials	/cd	search for ASN1/DER certificates
/c	Search for crypto materials	/cg	search for GPG/PGP keys and signatures (Plaintext and binary form)
/c	Search for crypto materials	/ck	find well known constant tables from different hash and crypto algorithms
/c	Search for crypto materials	/cp[?] [algo] [pubkey]	search for a private key matching a given public key
/c	Search for crypto materials	/cr	search for ASN1/DER private keys (RSA and ECC)
/c	Search for crypto materials	/ca[?] [algo]	search for keys expanded in memory (algo can be 'aes' or 'sm4')
/cc[aAldpb] [algo] [digest]	find collisions	/cca [algo] [digest]	lowercase alphabet chars only
/cc[aAldpb] [algo] [digest]	find collisions	/ccA [algo] [digest]	uppercase alphabet chars only
/cc[aAldpb] [algo] [digest]	find collisions	/ccl [algo] [digest]	letters (lower + upper alphabet chars)
/cc[aAldpb] [algo] [digest]	find collisions	/ccd [algo] [digest]	digits (only numbers)
/cc[aAldpb] [algo] [digest]	find collisions	/ccp [algo] [digest]	printable (alpha + digit)
/cc[aAldpb] [algo] [digest]	find collisions	/ccb [algo] [digest]	binary (any number is valid)
/cc[aAldpb] [algo] [digest]	find collisions	/cp[?] [algo] [pubkey]	search for a private key matching a given public key
/cc[aAldpb] [algo] [digest]	find collisions	/h[?][algorithm] [digest] [size]	find block of size bytes having this digest. See ph
/cc[aAldpb] [algo] [digest]	find collisions	/m	search for known magic patterns
/cc[aAldpb] [algo] [digest]	find collisions	/m [file]	search for known magic patterns  but using the given magic file
/cc[aAldpb] [algo] [digest]	find collisions	/me	like ?e similar to IRC's /me
/cc[aAldpb] [algo] [digest]	find collisions	/mm	search for known filesystems and mount them automatically
/cc[aAldpb] [algo] [digest]	find collisions	/mb	search recognized RBin headers
/p[p]	[pattern]	/p [hexpattern]	search in hexpairs pattern in search.in
/p[p]	[pattern]	/pp	search for function preludes
/r[acerwx] [address]	search references to this specific address	/r [addr]	search references to this specific address
/r[acerwx] [address]	search references to this specific address	/ra	search all references
/r[acerwx] [address]	search references to this specific address	/rc ([addr])	search for call references
/r[acerwx] [address]	search references to this specific address	/re [addr]	search references using esil
/r[acerwx] [address]	search references to this specific address	/rr	find read references
/r[acerwx] [address]	search references to this specific address	/ru[*qj]	search for UDS CAN database tables (binbloom)
/r[acerwx] [address]	search references to this specific address	/rw	find write references
/r[acerwx] [address]	search references to this specific address	/rx	find exec references
/R	"search for ROP gadgets (see ""? for escaping chars in the shell)"	/R [string]	show gadgets
/R	"search for ROP gadgets (see ""? for escaping chars in the shell)"	/R/ [regexp]	show gadgets [regular expression]
/R	"search for ROP gadgets (see ""? for escaping chars in the shell)"	/R/j [regexp]	json output [regular expression]
/R	"search for ROP gadgets (see ""? for escaping chars in the shell)"	/R/q [regexp]	show gadgets in a quiet manner [regular expression]
/R	"search for ROP gadgets (see ""? for escaping chars in the shell)"	/Rj [string]	json output
/R	"search for ROP gadgets (see ""? for escaping chars in the shell)"	/Rk [ropklass]	query stored ROP gadgets klass
/R	"search for ROP gadgets (see ""? for escaping chars in the shell)"	/Rq [string]	show gadgets in a quiet manner
/x[v] [hexpairs]:[binmask]	search in memory	/x 9090cd80	search for those bytes
/x[v] [hexpairs]:[binmask]	search in memory	/x ff..33	search for hex string ignoring some nibbles
/x[v] [hexpairs]:[binmask]	search in memory	/x 9090cd80:ffff7ff0	search with binary mask
/x[v] [hexpairs]:[binmask]	search in memory	/xn[1|2|4|8] value amount	search for an array of Value repeated Amount of times
/x[v] [hexpairs]:[binmask]	search in memory	/xv[1|2|4|8] v0 v1 v2 v3 ..	search for an array of values with given size and endian
!<cmd>		!	list all commands in the shell history
!<cmd>		!ls	execute 'ls' in shell
!<cmd>		!*r2p x	run r2 command via r2pipe in current session
!<cmd>		!.	save command history to hist file
!<cmd>		!!	list commands used in current session
!<cmd>		!!ls~txt	print output of 'ls' and grep for 'txt'
!<cmd>		!!!cmd [args|$type]	adds the autocomplete value
!<cmd>		!!!-cmd [args]	removes the autocomplete value
!<cmd>		.!rabin2 -rpsei ${FILE}	run each output line as a r2 cmd
!<cmd>		!echo $R2_SIZE	display file size
!<cmd>		!-	clear history in current session
!<cmd>		!-*	clear and save empty history log
!<cmd>		!=!	enable remotecmd mode
!<cmd>		=!=	disable remotecmd mode
#!<interpreter>	[<args>] [<file] [<<eof]	#	comment - do nothing
#!<interpreter>	[<args>] [<file] [<<eof]	#!	list all available interpreters
#!<interpreter>	[<args>] [<file] [<<eof]	#!!	reset rlang session context (see js!)
#!<interpreter>	[<args>] [<file] [<<eof]	#!?	show this help message
#!<interpreter>	[<args>] [<file] [<<eof]	#!?j	list all available interpreters in JSON
#!<interpreter>	[<args>] [<file] [<<eof]	#!?q	list all available lang plugin names (See Ll?)
#!<interpreter>	[<args>] [<file] [<<eof]	#!<lang>?	show help for <lang> (v, python, mujs, ..)
#!<interpreter>	[<args>] [<file] [<<eof]	#!<lang> [file]	interpret the given file with lang plugin
#!<interpreter>	[<args>] [<file] [<<eof]	#!<lang> -e [expr|base64:..]	run the given expression with lang plugin
#!<interpreter>	[<args>] [<file] [<<eof]	#!<lang>	enter interactive prompt for given language plugin
#!<interpreter>	[<args>] [<file] [<<eof]	#!pipe node -e 'console.log(123)''	run program with arguments inside an r2pipe environment
a	[abdefFghoprxstc] [...]	a	alias for aai - analysis information
a	[abdefFghoprxstc] [...]	a:[cmd]	run a command implemented by an analysis plugin (like : for io)
a	[abdefFghoprxstc] [...]	a*	same as afl*;ah*;ax*
a	[abdefFghoprxstc] [...]	aa[?]	analyze all (fcns + bbs) (aa0 to avoid sub renaming)
a	[abdefFghoprxstc] [...]	a8 [hexpairs]	analyze bytes
a	[abdefFghoprxstc] [...]	ab[?]	analyze basic block
a	[abdefFghoprxstc] [...]	ac[?]	manage classes
a	[abdefFghoprxstc] [...]	aC[?]	analyze function call
a	[abdefFghoprxstc] [...]	ad[?]	analyze data trampoline (wip) (see 'aod' to describe mnemonics)
a	[abdefFghoprxstc] [...]	ad [from] [to]	analyze data pointers to (from-to)
a	[abdefFghoprxstc] [...]	ae[?] [expr]	analyze opcode eval expression (see ao)
a	[abdefFghoprxstc] [...]	af[?]	analyze functions
a	[abdefFghoprxstc] [...]	aF	analyze functions , but using anal.depth=1
a	[abdefFghoprxstc] [...]	ag[?] [options]	draw graphs in various formats
a	[abdefFghoprxstc] [...]	ah[?]	analysis hints (force opcode size, ...)
a	[abdefFghoprxstc] [...]	ai [addr]	address information (show perms, stack, heap, ...)
a	[abdefFghoprxstc] [...]	aj	same as a* but in json (aflj)
a	[abdefFghoprxstc] [...]	aL[jq]	list all asm/anal plugins (See `e asm.arch=?` and `La[jq]`)
a	[abdefFghoprxstc] [...]	an[?] [name]	show/rename/create whatever var/flag/function used in current instruction
a	[abdefFghoprxstc] [...]	ao[?] [len]	analyze Opcodes (or emulate it)
a	[abdefFghoprxstc] [...]	aO[?] [len]	analyze N instructions in M bytes
a	[abdefFghoprxstc] [...]	ap	find prelude for current offset
a	[abdefFghoprxstc] [...]	ar[?]	like 'dr' but for the esil vm. (registers)
a	[abdefFghoprxstc] [...]	as[?] [num]	analyze syscall using dbg.reg
a	[abdefFghoprxstc] [...]	av[?] [.]	show vtables
a	[abdefFghoprxstc] [...]	avg[?] [.]	manage global variables
a	[abdefFghoprxstc] [...]	ax[?]	manage refs/xrefs (see also afx?)
aa[0*?]	# see also 'af' and 'afna'	aa	alias for 'af@@ sym.*;af@entry0;afva'
aa[0*?]	# see also 'af' and 'afna'	aaa[?]	autoname functions after aa (see afna)
aa[0*?]	# see also 'af' and 'afna'	aab	abb across bin.sections.rx
aa[0*?]	# see also 'af' and 'afna'	aac [len]	analyze function calls (af @@ `pi len~call[1]`)
aa[0*?]	# see also 'af' and 'afna'	aac* [len]	flag function calls without performing a complete analysis
aa[0*?]	# see also 'af' and 'afna'	aaci	flag import xrefs only
aa[0*?]	# see also 'af' and 'afna'	aad [len]	analyze data references to code
aa[0*?]	# see also 'af' and 'afna'	aae[?] [len] ([addr])	analyze references with ESIL (optionally to address)
aa[0*?]	# see also 'af' and 'afna'	aaef	analyze references with ESIL in all functions
aa[0*?]	# see also 'af' and 'afna'	aaf[?][efrt]	analyze all functions relationships with flags, type matching and consecutive
aa[0*?]	# see also 'af' and 'afna'	aaF [sym*]	set anal.in=block for all the spaces between flags matching glob
aa[0*?]	# see also 'af' and 'afna'	aaFa [sym*]	same as aaF but uses af/a2f instead of af+/afb+ (slower but more accurate)
aa[0*?]	# see also 'af' and 'afna'	aai[j]	show info of all analysis parameters
aa[0*?]	# see also 'af' and 'afna'	aaj	analyze all jumps
aa[0*?]	# see also 'af' and 'afna'	aan[?][fgr]	autoname functions (aang = golang, aanr = noreturn propagation, aanf = afna@@F)
aa[0*?]	# see also 'af' and 'afna'	aao	analyze all objc references
aa[0*?]	# see also 'af' and 'afna'	aap	find and analyze function preludes
aa[0*?]	# see also 'af' and 'afna'	aar[?] [len]	analyze len bytes of instructions for references
aa[0*?]	# see also 'af' and 'afna'	aas [len]	analyze symbols (af @@= `isq~[0]`)
aa[0*?]	# see also 'af' and 'afna'	aaS	analyze all flags starting with sym. (af @@ sym.*)
aa[0*?]	# see also 'af' and 'afna'	aat [fcn]	analyze all/given function to convert immediate to linked structure offsets (see tl?)
aa[0*?]	# see also 'af' and 'afna'	aaT [len]	analyze code after trap-sleds
aa[0*?]	# see also 'af' and 'afna'	aau [len]	list mem areas (larger than len bytes) not covered by functions
aa[0*?]	# see also 'af' and 'afna'	aav[?] [sat]	find values referencing a specific section or map
aa[0*?]	# see also 'af' and 'afna'	aaw	analyze all meta words (Cd) and add r. named flags for referenced pointers
aa[0*?]	# see also 'af' and 'afna'	aax[?]	analyze all xrefs as functions
aaa[a[a]]	# automatically analyze the whole program	aaa	perform deeper analysis, most common use
aaa[a[a]]	# automatically analyze the whole program	aaaa	same as aaa but adds a bunch of experimental iterations
aaa[a[a]]	# automatically analyze the whole program	aaaaa	refine the analysis to find more functions after aaaa
aae	[pf] ([addr]) # analyze all kind of stuff using esil	aae [size] ([addr])	same as aepa@@@i - define anal pins by import flag names
aae	[pf] ([addr]) # analyze all kind of stuff using esil	aae	honor anal.{in,from,to} and emulate all executable regions
aae	[pf] ([addr]) # analyze all kind of stuff using esil	aaef	emulate all functions using esil to find out computed references (same as aef@@@F)
aae	[pf] ([addr]) # analyze all kind of stuff using esil	aaep	same as aepa@@@i - define anal pins by import flag names
aae	[pf] ([addr]) # analyze all kind of stuff using esil	aaepa	run 'aep ret0@@@i' and then 'aaep' - all unknown imports are faked to return 0
aae	[pf] ([addr]) # analyze all kind of stuff using esil	aaex	emulate all code linearly and register only the computed xrefs
aaf[efrt?]	# analyse all functionsee also 'af' and 'afna'	aaf	same as afr@@c:isq
aaf[efrt?]	# analyse all functionsee also 'af' and 'afna'	aafe	same as aef@@F
aaf[efrt?]	# analyse all functionsee also 'af' and 'afna'	aaff	set a flag for every function
aaf[efrt?]	# analyse all functionsee also 'af' and 'afna'	aafr [len]	consecutive function analysis (e anal.hasnext=1;afr@@c:isq)
aaf[efrt?]	# analyse all functionsee also 'af' and 'afna'	aaft	recursive type matching across all functions
aaf[efrt?]	# analyse all functionsee also 'af' and 'afna'	aafs	single basic block function analysis
aan	[rg]	aan	autoname all functions
aan	[rg]	aang	autoname all golang functions
aan	[rg]	aanr	auto-noreturn propagation
aar	[j*] [sz] # search and analyze xrefs	aar	analyze xrefs in current section
aar	[j*] [sz] # search and analyze xrefs	aar [sz]	analyze xrefs starting in current offset until sz bytes are consumed
aar	[j*] [sz] # search and analyze xrefs	aarr	analyze all function reference graph to find more functions (EXPERIMENTAL)
aar	[j*] [sz] # search and analyze xrefs	aar* [sz]	list found xrefs in radare commands format
aar	[j*] [sz] # search and analyze xrefs	aarj [sz]	list found xrefs in JSON format
aav	[sat] # find values referencing a specific section or map	aav	find absolute reference values (see aav0)
aav	[sat] # find values referencing a specific section or map	aav0	find absolute reference values (accept maps at address zero)
aav	[sat] # find values referencing a specific section or map	aavr[0]	find relative reference values (address + 4 byte signed int)
aav	[sat] # find values referencing a specific section or map	aax[?]	analyze all xrefs as functions
ab	# analyze basic block	ab [addr]	show basic block information at given address (same as abi/afbi)
ab	# analyze basic block	ab-[addr]	delete basic block at given address
ab	# analyze basic block	ab.	same as: ab $$
ab	# analyze basic block	abi[?]	alias for afbi
ab	# analyze basic block	aba [addr]	analyze esil accesses in basic block (see aea?)
ab	# analyze basic block	abb [length]	analyze N bytes and extract basic blocks
ab	# analyze basic block	abc[-] [color]	change color of the current basic block (same as afbc, abc- to unset)
ab	# analyze basic block	abe [esil-expr]	assign esil expression to basic block (see: aeb, dre, afbd)
ab	# analyze basic block	abf [addr]	address of incoming (from) basic blocks
ab	# analyze basic block	abj [addr]	display basic block information in JSON
ab	# analyze basic block	abl[?] [.-cqj]	list all basic blocks
ab	# analyze basic block	abo	list opcode offsets of current basic block
ab	# analyze basic block	abp[?] [addr] [num]	follow basic blocks paths from current offset to addr
ab	# analyze basic block	abt[tag] ([color])	no args = show current trace tag, otherwise set the color
ab	# analyze basic block	abx [hexpair-bytes]	analyze N bytes
ab	# analyze basic block	abi[?]	alias for afbi
ab	# analyze basic block	abl[?] [.-cqj]	list all basic blocks
ab	# analyze basic block	abp[?] [addr] [num]	follow basic blocks paths from current offset to addr
ac	anal classes commands	acl[j*]	list all classes
ac	anal classes commands	acll[j] (class_name)	list all or single class detailed
ac	anal classes commands	ac [class name]	add class
ac	anal classes commands	ac- [class name]	delete class
ac	anal classes commands	acn [class name] [new class name]	rename class
ac	anal classes commands	acv [class name] [addr] ([offset]) ([size])	add vtable address to class
ac	anal classes commands	acvf [offset] ([class name])	lookup function address on vtable offset
ac	anal classes commands	acv- [class name] [vtable id]	delete vtable by id (from acv [class name])
ac	anal classes commands	acb [class name]	list bases of class
ac	anal classes commands	acb [class name] [base class name] ([offset])	add base class
ac	anal classes commands	acb- [class name] [base class id]	delete base by id (from acb [class name])
ac	anal classes commands	acm [class name] [method name] [offset] ([vtable offset])	add/edit method
ac	anal classes commands	acm- [class name] [method name]	delete method
ac	anal classes commands	acmn [class name] [method name] [new name]	rename method
ac	anal classes commands	acg	print inheritance ascii graph
ac	anal classes commands	ac?	show this help
aC[fej] [addr-of-call]	# analyze call args	aCe	use ESIL emulation to find out arguments of a call (uses 'abpe')
aC[fej] [addr-of-call]	# analyze call args	aCf	same as .aCe* $$ @@=`pdr~call`
ad	[kt] [...]	ad [N] [D]	analyze N data words at D depth
ad	[kt] [...]	ad4 [N] [D]	analyze N data words at D depth (asm.bits=32)
ad	[kt] [...]	ad8 [N] [D]	analyze N data words at D depth (asm.bits=64)
ad	[kt] [...]	adf	analyze data in function (use like .adf @@=`afl~[0]`
ad	[kt] [...]	adfg	analyze data in function gaps
ad	[kt] [...]	adt	analyze data trampolines (wip)
ad	[kt] [...]	adk	analyze data kind (code, text, data, invalid, ...)
ae[idesr?] [arg]	ESIL code emulation	ae [expr]	evaluate ESIL expression
ae[idesr?] [arg]	ESIL code emulation	ae! [file]	compile esil file into an esil expression
ae[idesr?] [arg]	ESIL code emulation	ae?	show this help
ae[idesr?] [arg]	ESIL code emulation	ae??	show ESIL help
ae[idesr?] [arg]	ESIL code emulation	aea[f] [count]	analyse n esil instructions accesses (regs, mem..)
ae[idesr?] [arg]	ESIL code emulation	aeA[f] [count]	analyse n bytes for their esil accesses (regs, mem..)
ae[idesr?] [arg]	ESIL code emulation	aeb ([addr])	emulate block in current or given address
ae[idesr?] [arg]	ESIL code emulation	aeC[arg0 arg1..] @ addr	appcall in esil
ae[idesr?] [arg]	ESIL code emulation	aec[?]	continue until ^C
ae[idesr?] [arg]	ESIL code emulation	aef [addr]	emulate function
ae[idesr?] [arg]	ESIL code emulation	aefa [addr]	emulate function to find out args in given or current offset
ae[idesr?] [arg]	ESIL code emulation	aeg [expr]	esil data flow graph
ae[idesr?] [arg]	ESIL code emulation	aegf [expr] [register]	esil data flow graph filter
ae[idesr?] [arg]	ESIL code emulation	aei[?]	initialize ESIL VM state (aei- to deinitialize)
ae[idesr?] [arg]	ESIL code emulation	aek[?] [query]	perform sdb query on ESIL.info
ae[idesr?] [arg]	ESIL code emulation	aeL[?][-] [name]	list ESIL plugins
ae[idesr?] [arg]	ESIL code emulation	aep[?] [addr]	manage esil pin hooks (see 'e cmd.esil.pin')
ae[idesr?] [arg]	ESIL code emulation	aepc [addr]	change esil PC to this address
ae[idesr?] [arg]	ESIL code emulation	aer[?] [..]	handle ESIL registers like 'ar' or 'dr' does
ae[idesr?] [arg]	ESIL code emulation	aes[?]	perform emulated debugger step
ae[idesr?] [arg]	ESIL code emulation	aet[?][s]	esil trace listing and session management (requires aeim)
ae[idesr?] [arg]	ESIL code emulation	aev [esil]	visual esil debugger for the given expression or current instruction
ae[idesr?] [arg]	ESIL code emulation	aex [hex]	evaluate opcode expression
ae[idesr?] [arg]	ESIL code emulation	Examples:aec	continue until ^c
ae[idesr?] [arg]	ESIL code emulation	aec	continue until exception
ae[idesr?] [arg]	ESIL code emulation	aecs	continue until syscall
ae[idesr?] [arg]	ESIL code emulation	aecc	continue until call
ae[idesr?] [arg]	ESIL code emulation	aecu[addr]	continue until address
ae[idesr?] [arg]	ESIL code emulation	aecue[addr]	continue until esil expression
aei	[smp] [...]	aei	initialize ESIL VM state (aei- to deinitialize)
aei	[smp] [...]	aeis argc [argv] [envp]	initialize entrypoint stack environment
aei	[smp] [...]	aeim [addr] [size] [name]	initialize ESIL VM stack (aeim- remove)
aei	[smp] [...]	aeip	initialize ESIL program counter to curseek
aeim	[addr] [size] [name] - initialize the ESIL VM stack	aeim	initialize esil memory with default values from esil.stack.* evals
aeim	[addr] [size] [name] - initialize the ESIL VM stack	aeim 0x10000	same as aeim@e:esil.stack.addr=0x10000
aeim	[addr] [size] [name] - initialize the ESIL VM stack	aeim 0x10000 2M mystack	give a name to that new 2MB stack
aek		aek	dump the esil.stats database contents
aek		aek sdb.query	evaluate sdb query on esil.stats db
aek		aek-	clear the esil.stats sdb instance
aep[-*c]		aepc [addr]	change program counter for esil
aep[-*c]		aep*	list pins in r2 commands
aep[-*c]		aep-*	remove all pins
aep[-*c]		aep-[addr]	remove pin
aep[-*c]		aep-[name]	remove pin command
aep[-*c]		aepa ([addr])	auto set pin in current or given address by flag name (see aaep)
aep[-*c]		aep [name] @ [addr]	set pin
aep[-*c]		aep memcpy=wf `dr?A1` `dr?A2` @r:A0	override esil.cmd.pin for this pin name
aep[-*c]		aep soft.show.r9=dr?r9	set a 'soft.' esil pin, only executed in the disasm loop
aep[-*c]		aep	list pins
aep[-*c]		aep.	show pin name in current address if any
aep[-*c]		aepk [query]	kuery the sdb of pins
ar	# Analysis Registers	ar	show 'gpr' registers
ar	# Analysis Registers	ar.>$snapshot	show r2 commands to set register values to the current state
ar	# Analysis Registers	ar,	show registers in table format (see dr,)
ar	# Analysis Registers	.ar*	import register values as flags
ar	# Analysis Registers	.ar-	unflag all registers
ar	# Analysis Registers	ar0	reset register arenas to 0
ar	# Analysis Registers	ara[?]	manage register arenas
ar	# Analysis Registers	arj	show 'gpr' registers in JSON format
ar	# Analysis Registers	arA[?]	show values of function argument calls (A0, A1, A2, ..)
ar	# Analysis Registers	ar 16	show 16 bit registers
ar	# Analysis Registers	ar 32	show 32 bit registers
ar	# Analysis Registers	ar all	show all bit registers
ar	# Analysis Registers	ar <type>	show all registers of given type
ar	# Analysis Registers	arC	display register profile comments
ar	# Analysis Registers	arr	show register references (telescoping)
ar	# Analysis Registers	arrj	show register references (telescoping) in JSON format
ar	# Analysis Registers	ar=([size])(:[regs])	show register values in columns
ar	# Analysis Registers	ar? <reg>	show register value
ar	# Analysis Registers	arb <type>	display hexdump of the given arena
ar	# Analysis Registers	arc[cq=] <name>	conditional flag registers
ar	# Analysis Registers	arcc	derive calling convention from the register profile
ar	# Analysis Registers	ard <name>	show only different registers
ar	# Analysis Registers	arn <regalias>	get regname for pc,sp,bp,a0-3,zf,cf,of,sg
ar	# Analysis Registers	aro	show old (previous) register values
ar	# Analysis Registers	arp[?] <file>	load register profile from file
ar	# Analysis Registers	ars	stack register state
ar	# Analysis Registers	arS	show the size of the register profile
ar	# Analysis Registers	art	list all register types
ar	# Analysis Registers	arw <hexnum>	set contents of the register arena
ara[+-s]	register Arena Push/Pop/Swap	ara	show all register arenas allocated
ara[+-s]	register Arena Push/Pop/Swap	ara+	push a new register arena for each type
ara[+-s]	register Arena Push/Pop/Swap	ara-	pop last register arena
ara[+-s]	register Arena Push/Pop/Swap	aras	swap last two register arenas
arp	# Register profile commands	arp	show the current register profile
arp	# Register profile commands	arp [regprofile-file]	set the current register profile
arp	# Register profile commands	arp [gdb] [regprofile-file]	parse gdb register profile and dump an r2 profile string
arp	# Register profile commands	arp*	print r2 commands creating flags for each register inside the arena offset
arp	# Register profile commands	arpc	show register profile comments
arp	# Register profile commands	arpi	show internal representation of the register profile
arp	# Register profile commands	arp.	show the current fake size
arp	# Register profile commands	arpj	show the current register profile (JSON)
arp	# Register profile commands	arps [new fake size]	get or set the register profile size
arp	# Register profile commands	arpg	show register profile comments
arp	# Register profile commands	NOTE:	this help will show arp if you run drp? when cfg.debug=0
aes[pbosu]	esil stepping utilities	aesp [X] [N]	evaluate N instr from offset X
aes[pbosu]	esil stepping utilities	aesb	step back
aes[pbosu]	esil stepping utilities	aeso	step over
aes[pbosu]	esil stepping utilities	aesou [addr]	step over until given address
aes[pbosu]	esil stepping utilities	aess	step skip (in case of CALL, just skip, instead of step into)
aes[pbosu]	esil stepping utilities	aesu [addr]	step until given address
aes[pbosu]	esil stepping utilities	aesue [esil]	step until esil expression match
aes[pbosu]	esil stepping utilities	aesuo [optype]	step until given opcode type
aes[pbosu]	esil stepping utilities	aesB [addr] [N] @ [from-addr]	step over every N instructions
aes[pbosu]	esil stepping utilities	aet[?][s]	esil trace listing and session management (requires aeim)
af		af ([name]) ([addr])	analyze functions (start at addr or $$)
af		af+ addr name [type] [diff]	hand craft a function (requires afb+)
af		af- [addr]	clean all function analysis data (or function at addr)
af		afa	analyze function arguments in a call (afal honors dbg.funcarg)
af		afB 16	set current function as thumb (change asm.bits)
af		afb[?] [addr]	List basic blocks of given function
af		afb+ fcnA bbA sz [j] [f] ([t]( [d]))	add bb to function @ fcnaddr
af		afbF([0|1])	Toggle the basic-block 'folded' attribute
af		afc[?] type @[addr]	set calling convention for function
af		afC[?] ([addr])@[addr]	calculate the Cycles (afC) or Cyclomatic Complexity (afCc)
af		afd[addr]	show function + delta for given offset
af		afF[1|0|]	fold/unfold/toggle
af		afi [addr|fcn.name]	show function(s) information (verbose afl)
af		afj [tableaddr] [elem_sz] [count] [seg]	analyze function jumptable (adding seg to each elem)
af		afl[?] [ls*] [fcn name]	list functions (addr, size, bbs, name) (see afll)
af		afm name	merge two functions
af		afM name	print functions map
af		afn[?] name [addr]	rename name for function at address (change flag too)
af		afna	suggest automatic name for current offset
af		afo[?j] [fcn.name]	show address for the function name or current offset
af		afr ([name]) ([addr])	analyze functions recursively
af		afs[?] ([fcnsign])	get/set function signature at current address (afs! uses cfg.editor)
af		afS[stack_size]	set stack frame size for function at current address
af		aft[?]	type matching, type propagation
af		afu addr	resize and analyze function from current address until addr
af		afv[?]	manipulate args, registers and variables in function
af		afx[m]	list function references
afb	list basic blocks of given function	afb [addr]	list basic blocks of function
afb	list basic blocks of given function	afb. [addr]	show info of current basic block
afb	list basic blocks of given function	afb,	show basic blocks of current function in a table
afb	list basic blocks of given function	afb=	display ascii-art bars for basic block regions
afb	list basic blocks of given function	afb+ fcn_at bbat bbsz [jump] [fail] ([diff])	add basic block by hand
afb	list basic blocks of given function	afba[!]	list basic blocks of current offset in analysis order (EXPERIMENTAL, see afla)
afb	list basic blocks of given function	afbc[-] [color] ([addr])	colorize basic block (same as 'abc', afbc- to unset)
afb	list basic blocks of given function	afbd	list function basic block dependency list in order and set abe values
afb	list basic blocks of given function	afbe bbfrom bbto	add basic-block edge for switch-cases
afb	list basic blocks of given function	afbi[j]	print current basic block information
afb	list basic blocks of given function	afbj [addr]	show basic blocks information in json
afb	list basic blocks of given function	afbr[?]	show addresses of instructions which leave the function
afb	list basic blocks of given function	afbo	list addresses of each instruction for every basic block in function (see abo)
afb	list basic blocks of given function	afB [bits]	define asm.bits for the given function
afbr	return addresses for current function	afbr	show addresses of instructions which leave the function
afbr	return addresses for current function	afbrb	show addresses of leaving basic blocks with no out edges
afbr	return addresses for current function	.afbr*	set breakpoint on every return address of the function
afbr	return addresses for current function	.afbr-*	remove breakpoint on every return address of the function
afc[agl?]	# see also tcc command to manage all calling conventions	afc ccname	manually set calling convention for current function
afc[agl?]	# see also tcc command to manage all calling conventions	afc	show calling convention for the Current function (same as tcc)
afc[agl?]	# see also tcc command to manage all calling conventions	afcr[j]	show register usage for the current function
afc[agl?]	# see also tcc command to manage all calling conventions	afcf[j] [name]	prints return type function(arg1, arg2...), see afij
afc[agl?]	# see also tcc command to manage all calling conventions	afci	information about the current calling convention
afc[agl?]	# see also tcc command to manage all calling conventions	afcj	show current calling convention info in JSON
afc[agl?]	# see also tcc command to manage all calling conventions	afck	list SDB details of call loaded calling conventions
afc[agl?]	# see also tcc command to manage all calling conventions	afcl	list all available calling conventions
afc[agl?]	# see also tcc command to manage all calling conventions	afcll	show all call conventions and its definition
afc[agl?]	# see also tcc command to manage all calling conventions	afco path	open Calling Convention sdb profile from given path
afc[agl?]	# see also tcc command to manage all calling conventions	afcR	register telescoping using the calling conventions order
afC	[addr]	afC	function cycles cost
afC	[addr]	afCc	cyclomatic complexity
afC	[addr]	afCl	loop count (backward jumps)
afl	List all functions	afl	list functions
afl	List all functions	afl.	display function in current offset (see afi.)
afl	List all functions	afl, [query]	list functions in table format
afl	List all functions	afl+	display sum all function sizes
afl	List all functions	afl*	reconstruct all functions in r2 commands
afl	List all functions	afl=	display ascii-art bars with function ranges
afl	List all functions	afla	reverse call order (useful for afna and noret, also see afba)
afl	List all functions	aflc	count of functions
afl	List all functions	aflj	list functions in json
afl	List all functions	afll [column]	list functions in verbose mode (sorted by column name)
afl	List all functions	afllj	list functions in verbose mode (alias to aflj)
afl	List all functions	aflm[?]	list functions in makefile style (af@@=`aflm~0x`)
afl	List all functions	afln[?]	list all function names
afl	List all functions	aflq	list functions in quiet mode
afl	List all functions	aflqj	list functions in json quiet mode
afl	List all functions	afls[?asn]	sort function list by address, size or name
afl	List all functions	aflx[?*jv]	list function xrefs (who references or calls the current function)
aflm	[q.j] List functions in verbose mode	aflm	list functions and what they call in makefile-like format
aflm	[q.j] List functions in verbose mode	aflm.	only print the summary for the current function (see pds)
aflm	[q.j] List functions in verbose mode	aflmj	only print the summary for the current function (see pds)  but in json format
aflm	[q.j] List functions in verbose mode	aflm	list functions and what they call in makefile-like format
aflm	[q.j] List functions in verbose mode	aflm.	only print the summary for the current function (see pds)
aflm	[q.j] List functions in verbose mode	aflmj	only print the summary for the current function (see pds)  but in json format
afn[sa]	Analyze function names	afn [name]	rename the function (name can start with base64:)
afn[sa]	Analyze function names	afn.	same as afn without arguments. show the function name in current offset
afn[sa]	Analyze function names	afn*	show r2 commands to set function signature, flag and function name
afn[sa]	Analyze function names	afna[j]	construct a function name for the current offset
afn[sa]	Analyze function names	afns[j]	list all strings associated with the current function
afs[r]	Analyze function signatures	afs ([fcnsign])	get/set function signature at current address (afs! uses cfg.editor)
afs[r]	Analyze function signatures	afsq	same as afs without the error message (See afsQ for non-current offset)
afs[r]	Analyze function signatures	afs!	edit current function signature with cfg.editor
afs[r]	Analyze function signatures	afs* ([signame])	get function signature in flags
afs[r]	Analyze function signatures	afsj ([signame])	get function signature in JSON
afs[r]	Analyze function signatures	afsr [function_name] [new_type]	change type for given function
afs[r]	Analyze function signatures	afsv[j]	print function signature filling the values from current reg and stack state
aft		aft	type matching analysis for current function
afv[rbs]	Function variables manipulation	afv*	output r2 command to add args/locals to flagspace
afv[rbs]	Function variables manipulation	afv-([name])	remove all or given var
afv[rbs]	Function variables manipulation	afv=	list function variables and arguments with disasm refs
afv[rbs]	Function variables manipulation	afva	analyze function arguments/locals
afv[rbs]	Function variables manipulation	afvb[?]	manipulate bp based arguments/locals
afv[rbs]	Function variables manipulation	afvd name	output r2 command for displaying the value of args/locals in the debugger
afv[rbs]	Function variables manipulation	afvf	show BP relative stackframe variables
afv[rbs]	Function variables manipulation	afvn [new_name] ([old_name])	rename argument/local
afv[rbs]	Function variables manipulation	afvr[?]	manipulate register based arguments
afv[rbs]	Function variables manipulation	afvR [varname]	list addresses where vars are accessed (READ)
afv[rbs]	Function variables manipulation	afvs[?]	manipulate sp based arguments/locals
afv[rbs]	Function variables manipulation	afvt [name] [new_type]	change type for given argument/local
afv[rbs]	Function variables manipulation	afvW [varname]	list addresses where vars are accessed (WRITE)
afv[rbs]	Function variables manipulation	afvx	show function variable xrefs (same as afvR+afvW)
afv[rbs]	Function variables manipulation	afvb[?]	manipulate bp based arguments/locals
afv[rbs]	Function variables manipulation	afvr[?]	manipulate register based arguments
afv[rbs]	Function variables manipulation	afvs[?]	manipulate sp based arguments/locals
ag<graphtype><format> [addr]	Graph commands: Output formats:	aga[format]	data references graph
ag<graphtype><format> [addr]	Graph commands: Output formats:	agA[format]	global data references graph
ag<graphtype><format> [addr]	Graph commands: Output formats:	agc[format]	function callgraph
ag<graphtype><format> [addr]	Graph commands: Output formats:	agC[format]	global callgraph
ag<graphtype><format> [addr]	Graph commands: Output formats:	agd[format] [fcn addr]	diff graph
ag<graphtype><format> [addr]	Graph commands: Output formats:	agD[format]	function dom graph
ag<graphtype><format> [addr]	Graph commands: Output formats:	agf[format]	basic blocks function graph
ag<graphtype><format> [addr]	Graph commands: Output formats:	agi[format]	imports graph
ag<graphtype><format> [addr]	Graph commands: Output formats:	agr[format]	references graph
ag<graphtype><format> [addr]	Graph commands: Output formats:	agR[format]	global references graph
ag<graphtype><format> [addr]	Graph commands: Output formats:	agx[format]	cross references graph
ag<graphtype><format> [addr]	Graph commands: Output formats:	agg[format]	custom graph
ag<graphtype><format> [addr]	Graph commands: Output formats:	agt[format]	tree map graph
ag<graphtype><format> [addr]	Graph commands: Output formats:	ag-	clear the custom graph
ag<graphtype><format> [addr]	Graph commands: Output formats:	agn[?] title body	add a node to the custom graph
ag<graphtype><format> [addr]	Graph commands: Output formats:	age[?] title1 title2	add an edge to the custom graph
ag<graphtype><format> [addr]	Graph commands: Output formats:	<blank>	ascii art
ag<graphtype><format> [addr]	Graph commands: Output formats:	*	r2 commands
ag<graphtype><format> [addr]	Graph commands: Output formats:	b	braile art rendering (agfb)
ag<graphtype><format> [addr]	Graph commands: Output formats:	d	graphviz dot
ag<graphtype><format> [addr]	Graph commands: Output formats:	g	graph Modelling Language (gml)
ag<graphtype><format> [addr]	Graph commands: Output formats:	j	json ('J' for formatted disassembly)
ag<graphtype><format> [addr]	Graph commands: Output formats:	k	sdb key-value
ag<graphtype><format> [addr]	Graph commands: Output formats:	m	mermaid
ag<graphtype><format> [addr]	Graph commands: Output formats:	t	tiny ascii art
ag<graphtype><format> [addr]	Graph commands: Output formats:	v	interactive ascii art
ag<graphtype><format> [addr]	Graph commands: Output formats:	w [path]	write to path or display graph image (see graph.gv.format)
agn [title] [body]	Examples:	agn title1 body1	"add a node with title ""title1"" and body ""body1"""
agn [title] [body]	Examples:	"agn ""title with space"" ""body with space"""	add a node with spaces in the title and in the body
agn [title] [body]	Examples:	agn title1 base64:Ym9keTE=	add a node with the body specified as base64
agn [title] [body]	Examples:	agn- title1	"remove a node with title ""title1"""
agn [title] [body]	Examples:	agn?	show this help
age [title1] [title2]	Examples:	age title1 title2	"add an edge from the node with ""title1"" as title to the one with title ""title2"""
age [title1] [title2]	Examples:	"age ""title1 with spaces"" title2"	"add an edge from node ""title1 with spaces"" to node ""title2"""
age [title1] [title2]	Examples:	age- title1 title2	"remove an edge from the node with ""title1"" as title to the one with title ""title2"""
age [title1] [title2]	Examples:	ageh	list all the highlighted edges
age [title1] [title2]	Examples:	ageh nodeA nodeB	highlight edge between nodeA and nodeB
age [title1] [title2]	Examples:	ageh- nodeA nodeB	highlight edge between nodeA and nodeB
age [title1] [title2]	Examples:	age?	show this help
ah[lba-]	analysis Hints	ah?	show this help
ah[lba-]	analysis Hints	ah? offset	show hint of given offset
ah[lba-]	analysis Hints	ah	list hints in human-readable format
ah[lba-]	analysis Hints	ah.	list hints in human-readable format from current offset
ah[lba-]	analysis Hints	ah-	remove all hints
ah[lba-]	analysis Hints	ah- offset [size]	remove hints at given offset
ah[lba-]	analysis Hints	ah* offset	list hints in radare commands format
ah[lba-]	analysis Hints	aha ppc @ 0x42	force arch ppc for all addrs >= 0x42 or until the next hint
ah[lba-]	analysis Hints	aha 0 @ 0x84	disable the effect of arch hints for all addrs >= 0x84 or until the next hint
ah[lba-]	analysis Hints	ahb[-*] [8,16,32,64] @ 0x42	get/set asm.bits for given address and beyond
ah[lba-]	analysis Hints	ahc 0x804804	override call/jump address
ah[lba-]	analysis Hints	ahd foo a0,33	replace opcode string
ah[lba-]	analysis Hints	ahe 3,eax,+=	set vm analysis string
ah[lba-]	analysis Hints	ahf 0x804840	override fallback address for call
ah[lba-]	analysis Hints	ahF 0x10	set stackframe size at current offset
ah[lba-]	analysis Hints	ahh 0x804840	highlight this address offset in disasm
ah[lba-]	analysis Hints	ahi[?] 10	define numeric base for immediates (2, 8, 10, 10u, 16, i, p, S, s)
ah[lba-]	analysis Hints	ahj	list hints in JSON
ah[lba-]	analysis Hints	aho call	change opcode type (see aho?)
ah[lba-]	analysis Hints	ahp addr	set pointer hint
ah[lba-]	analysis Hints	ahr val	set hint for return value of a function
ah[lba-]	analysis Hints	ahs 4	set opcode size=4
ah[lba-]	analysis Hints	ahS jz	set asm.syntax=jz for this opcode
ah[lba-]	analysis Hints	aht[?][s] <type>	"mark immediate as a type offset (deprecated, moved to ""aho"")"
ah[lba-]	analysis Hints	ahv val	change opcode's val field (useful to set jmptbl sizes in jmp rax)
ahi [2|8|10|10u|16|bodhipSs] [@ offset]	Define numeric base	ahi <base>	set numeric base (2, 8, 10, 16)
ahi [2|8|10|10u|16|bodhipSs] [@ offset]	Define numeric base	ahi 10|d	set base to signed decimal (10), sign bit should depend on receiver size
ahi [2|8|10|10u|16|bodhipSs] [@ offset]	Define numeric base	ahi 10u|du	set base to unsigned decimal (11)
ahi [2|8|10|10u|16|bodhipSs] [@ offset]	Define numeric base	ahi 31	31bit small integer, ignore lower bit (>>=1)
ahi [2|8|10|10u|16|bodhipSs] [@ offset]	Define numeric base	ahi b	set base to binary (2)
ahi [2|8|10|10u|16|bodhipSs] [@ offset]	Define numeric base	ahi o	set base to octal (8)
ahi [2|8|10|10u|16|bodhipSs] [@ offset]	Define numeric base	ahi h	set base to hexadecimal (16)
ahi [2|8|10|10u|16|bodhipSs] [@ offset]	Define numeric base	ahi i	set base to IP address (32)
ahi [2|8|10|10u|16|bodhipSs] [@ offset]	Define numeric base	ahi p	set base to htons(port) (3)
ahi [2|8|10|10u|16|bodhipSs] [@ offset]	Define numeric base	ahi S	set base to syscall (80)
ahi [2|8|10|10u|16|bodhipSs] [@ offset]	Define numeric base	ahi s	set base to string (1)
ahi [2|8|10|10u|16|bodhipSs] [@ offset]	Define numeric base	ahi1 10	set base of argument 1 to base 10 (same as ahi1 d)
aht[s] [addr|type]	mark immediate as type offset (moved to aho)	ahts <offset>	list all matching structure offsets
aht[s] [addr|type]	mark immediate as type offset (moved to aho)	aht <struct.member>	change immediate to structure offset
aht[s] [addr|type]	mark immediate as type offset (moved to aho)	aht?	show this help
an	[aj*] # analyze name for the current address (see fd and aan commands)	an[j*]	show flag/function/symbol name (in json or r2 commands)
an	[aj*] # analyze name for the current address (see fd and aan commands)	anf	propose name for current function (see anal.slow and 'aan')
an	[aj*] # analyze name for the current address (see fd and aan commands)	anfl	list all names used in the autonaming guess algorithm
an	[aj*] # analyze name for the current address (see fd and aan commands)	ano[?]	show or edit annotations for the current function
ano	[*] # function anotations	ano	show or edit annotations for the current function
ano	[*] # function anotations	ano-*	remove all annotations for current file
ano	[*] # function anotations	ano-$$	remove annotations for current function
ano	[*] # function anotations	ano*	dump all annotations in ano= commands
ano	[*] # function anotations	ano=[base64:]text	set anotation text in base64 for current function
ano	[*] # function anotations	anoe	edit annotation using cfg.editor
ano	[*] # function anotations	anos	show current function annotation
ano	[*] # function anotations	anol	display first line of function annotation if any
ao[e?] [len]	analyze Opcodes	ao 5	display opcode analysis of 5 opcodes
ao[e?] [len]	analyze Opcodes	ao*	display opcode in r commands
ao[e?] [len]	analyze Opcodes	aob[?mvj] ([hex])	analyze meaning of every single bit in the current opcode
ao[e?] [len]	analyze Opcodes	aoc [cycles]	analyze which op could be executed in [cycles]
ao[e?] [len]	analyze Opcodes	aod [mnemonic]	instruction mnemonic description for asm.arch
ao[e?] [len]	analyze Opcodes	aoda	show all mnemonic descriptions
ao[e?] [len]	analyze Opcodes	aoe N	display esil form for N opcodes
ao[e?] [len]	analyze Opcodes	aoem N	display memory references from esil emulation of N opcode
ao[e?] [len]	analyze Opcodes	aoef expr	filter esil expression of opcode by given output
ao[e?] [len]	analyze Opcodes	aoeq N	display only the esil expression of N opcodes
ao[e?] [len]	analyze Opcodes	aoj N	display opcode analysis information in JSON for N opcodes
ao[e?] [len]	analyze Opcodes	aom[?] [id]	list current or all mnemonics for current arch
ao[e?] [len]	analyze Opcodes	aor [N]	run N esil instructions + esil.dumpstack
ao[e?] [len]	analyze Opcodes	aos N	display size of N opcodes
ao[e?] [len]	analyze Opcodes	aot[?]	list all opcode types
aom[ljd] [arg]	list opcode mnemonics	aom	show instruction mnemonic
aom[ljd] [arg]	list opcode mnemonics	aom.	show instruction mnemonic in current address
aom[ljd] [arg]	list opcode mnemonics	aoml	list all mnemonics
aom[ljd] [arg]	list opcode mnemonics	aomj	list in json format (TODO: add instruction description too?)
aom[ljd] [arg]	list opcode mnemonics	aomd	verbose mnemonic listing with instruction description
aot[l]	list opcode types	aot	show type of the current instruction
aot[l]	list opcode types	aotl	list all possible opcode types (See /atl)
ar	# Analysis Registers	ar	show 'gpr' registers
ar	# Analysis Registers	ar.>$snapshot	show r2 commands to set register values to the current state
ar	# Analysis Registers	ar,	show registers in table format (see dr,)
ar	# Analysis Registers	.ar*	import register values as flags
ar	# Analysis Registers	.ar-	unflag all registers
ar	# Analysis Registers	ar0	reset register arenas to 0
ar	# Analysis Registers	ara[?]	manage register arenas
ar	# Analysis Registers	arj	show 'gpr' registers in JSON format
ar	# Analysis Registers	arA[?]	show values of function argument calls (A0, A1, A2, ..)
ar	# Analysis Registers	ar 16	show 16 bit registers
ar	# Analysis Registers	ar 32	show 32 bit registers
ar	# Analysis Registers	ar all	show all bit registers
ar	# Analysis Registers	ar <type>	show all registers of given type
ar	# Analysis Registers	arC	display register profile comments
ar	# Analysis Registers	arr	show register references (telescoping)
ar	# Analysis Registers	arrj	show register references (telescoping) in JSON format
ar	# Analysis Registers	ar=([size])(:[regs])	show register values in columns
ar	# Analysis Registers	ar? <reg>	show register value
ar	# Analysis Registers	arb <type>	display hexdump of the given arena
ar	# Analysis Registers	arc[cq=] <name>	conditional flag registers
ar	# Analysis Registers	arcc	derive calling convention from the register profile
ar	# Analysis Registers	ard <name>	show only different registers
ar	# Analysis Registers	arn <regalias>	get regname for pc,sp,bp,a0-3,zf,cf,of,sg
ar	# Analysis Registers	aro	show old (previous) register values
ar	# Analysis Registers	arp[?] <file>	load register profile from file
ar	# Analysis Registers	ars	stack register state
ar	# Analysis Registers	arS	show the size of the register profile
ar	# Analysis Registers	art	list all register types
ar	# Analysis Registers	arw <hexnum>	set contents of the register arena
ara[+-s]	register Arena Push/Pop/Swap	ara	show all register arenas allocated
ara[+-s]	register Arena Push/Pop/Swap	ara+	push a new register arena for each type
ara[+-s]	register Arena Push/Pop/Swap	ara-	pop last register arena
ara[+-s]	register Arena Push/Pop/Swap	aras	swap last two register arenas
arp	# Register profile commands	arp	show the current register profile
arp	# Register profile commands	arp [regprofile-file]	set the current register profile
arp	# Register profile commands	arp [gdb] [regprofile-file]	parse gdb register profile and dump an r2 profile string
arp	# Register profile commands	arp*	print r2 commands creating flags for each register inside the arena offset
arp	# Register profile commands	arpc	show register profile comments
arp	# Register profile commands	arpi	show internal representation of the register profile
arp	# Register profile commands	arp.	show the current fake size
arp	# Register profile commands	arpj	show the current register profile (JSON)
arp	# Register profile commands	arps [new fake size]	get or set the register profile size
arp	# Register profile commands	arpg	show register profile comments
arp	# Register profile commands	NOTE:	this help will show arp if you run drp? when cfg.debug=0
as[ljk?]	syscall name <-> number utility	as	show current syscall and arguments
as[ljk?]	syscall name <-> number utility	as 4	show syscall 4 based on asm.os and current regs/mem
as[ljk?]	syscall name <-> number utility	asc[a] 4	dump syscall info in .asm or .h
as[ljk?]	syscall name <-> number utility	asj	list of syscalls in JSON
as[ljk?]	syscall name <-> number utility	asl	list of syscalls by asm.os and asm.arch
as[ljk?]	syscall name <-> number utility	asl close	returns the syscall number for close
as[ljk?]	syscall name <-> number utility	asl 4	returns the name of the syscall number 4
as[ljk?]	syscall name <-> number utility	ask [query]	perform syscall/ queries
av[?jr*]	C++ vtables and RTTI	av	search for vtables in data sections and show results
av[?jr*]	C++ vtables and RTTI	avj	like av, but as json
av[?jr*]	C++ vtables and RTTI	av*	like av, but as r2 commands
av[?jr*]	C++ vtables and RTTI	avr[j@addr]	try to parse RTTI at vtable addr (see anal.cxxabi)
av[?jr*]	C++ vtables and RTTI	avra[j]	search for vtables and try to parse RTTI at each of them
av[?jr*]	C++ vtables and RTTI	avrr	recover class info from all findable RTTI (see ac)
av[?jr*]	C++ vtables and RTTI	avrD [classname]	demangle a class name from RTTI
avg	# analyze variable global	avg	list global variables
avg	# analyze variable global	avg [type] [name]	add global variable with given type and name
avg	# analyze variable global	avg-	delete global
ax[?d-l*]	# see also 'afx?'	ax addr [at]	add code ref pointing to addr (from curseek)
ax[?d-l*]	# see also 'afx?'	ax	list refs
ax[?d-l*]	# see also 'afx?'	ax*	output radare commands
ax[?d-l*]	# see also 'afx?'	ax- [at]	clean all refs/refs from addr
ax[?d-l*]	# see also 'afx?'	ax-*	clean all refs/refs
ax[?d-l*]	# see also 'afx?'	ax. [addr]	find data/code references from and to this address
ax[?d-l*]	# see also 'afx?'	axc addr [at]	add generic code ref
ax[?d-l*]	# see also 'afx?'	axC addr [at]	add code call ref
ax[?d-l*]	# see also 'afx?'	axd addr [at]	add data ref
ax[?d-l*]	# see also 'afx?'	axF [flg-glob]	find data/code references of flags
ax[?d-l*]	# see also 'afx?'	axf[?] [addr]	find data/code references from this address
ax[?d-l*]	# see also 'afx?'	axff[j] [addr]	find data/code references from this function
ax[?d-l*]	# see also 'afx?'	axg[j*] [addr]	show xrefs graph to reach current function
ax[?d-l*]	# see also 'afx?'	axi addr [at]	add indirect code reference (see ax?)
ax[?d-l*]	# see also 'afx?'	axj	add jmp reference
ax[?d-l*]	# see also 'afx?'	axl[jcq]	list xrefs (axlc = count, axlq = quiet, axlj = json)
ax[?d-l*]	# see also 'afx?'	axm addr [at]	copy data/code references pointing to addr to also point to curseek (or at)
ax[?d-l*]	# see also 'afx?'	axq	list refs in quiet/human-readable format
ax[?d-l*]	# see also 'afx?'	axr addr [at]	add data-read ref
ax[?d-l*]	# see also 'afx?'	axs addr [at]	add string ref
ax[?d-l*]	# see also 'afx?'	axt[?] [addr]	find data/code references to this address
ax[?d-l*]	# see also 'afx?'	axv[?] [addr]	list local variables read-write-exec references
ax[?d-l*]	# see also 'afx?'	axw addr [at]	add data-write ref
axf[?gq*]	find data/code references from this address	axfj [addr]	find data/code references to this address and print in json format
axf[?gq*]	find data/code references from this address	axfg [addr]	display commands to generate graphs according to the xrefs
axf[?gq*]	find data/code references from this address	axfq [addr]	find and list the data/code references in quiet mode
axf[?gq*]	find data/code references from this address	axfm [addr]	show refs to in 'make' syntax (see aflm and axtm)
axf[?gq*]	find data/code references from this address	axf* [addr]	same as axf, but prints as r2 commands
axt[?gq*]	find data/code references to this address	axtj ([addr])	find data/code references to this address and print in json format
axt[?gq*]	find data/code references to this address	axtg ([addr])	display commands to generate graphs according to the xrefs
axt[?gq*]	find data/code references to this address	axtq ([addr])	find and list the data/code references in quiet mode
axt[?gq*]	find data/code references to this address	axtm ([addr])	show xrefs to in 'make' syntax (see aflm and axfm)
axt[?gq*]	find data/code references to this address	axt* ([addr])	same as axt, but prints as r2 commands
axv[?j]	show xrefs to local variables in current function	axv ([addr])	optionally you can specify address instead of current seek
axv[?j]	show xrefs to local variables in current function	axvj ([addr])	show in json
b[f] [arg]	change working block size	b 32	set block size to 33
b[f] [arg]	change working block size	b=32	same as 'b 32'
b[f] [arg]	change working block size	b eip+4	numeric argument can be an expression
b[f] [arg]	change working block size	b	display current block size
b[f] [arg]	change working block size	b+3	increase blocksize by 3
b[f] [arg]	change working block size	b-16	decrease blocksize by 16
b[f] [arg]	change working block size	b*	display current block size in r2 command
b[f] [arg]	change working block size	b64:AA=	receive a base64 string that is executed without evaluating special chars
b[f] [arg]	change working block size	bf foo	set block size to flag size
b[f] [arg]	change working block size	bj	display block size information in JSON
b[f] [arg]	change working block size	bm 1M	set max block size
c[?dfx] [argument]	# Compare	c [string]	compare a plain with escaped chars string
c[?dfx] [argument]	# Compare	c* [string]	same as c, but printing r2 commands instead
c[?dfx] [argument]	# Compare	cj [string]	same as c, with JSON output
c[?dfx] [argument]	# Compare	c1 [addr]	compare byte at addr with current offset
c[?dfx] [argument]	# Compare	c2[*] [value]	compare word at offset with given value
c[?dfx] [argument]	# Compare	c4[*] [value]	compare doubleword at offset with given value
c[?dfx] [argument]	# Compare	c8[*] [value]	compare quadword at offset with given value
c[?dfx] [argument]	# Compare	cat [file]	show contents of file (see pwd, ls)
c[?dfx] [argument]	# Compare	cc [at]	compares in two hexdump columns of block size
c[?dfx] [argument]	# Compare	ccc [at]	compares in two hexdump columns of block size , but only showing different lines
c[?dfx] [argument]	# Compare	ccd [at]	compares in two disasm columns of block size
c[?dfx] [argument]	# Compare	ccdd [at]	compares decompiler output (e cmd.pdc=pdg|pdd)
c[?dfx] [argument]	# Compare	cd [dir]	chdir
c[?dfx] [argument]	# Compare	cf [file]	compare contents of file at current seek
c[?dfx] [argument]	# Compare	cg[?][afo] [file]	compare graphdiff current file and find similar functions
c[?dfx] [argument]	# Compare	ci[?] [obid] ([obid2])	compare two bin-objects (symbols, imports, ...)
c[?dfx] [argument]	# Compare	cl|cls|clear	clear screen, (clear0 to goto 0, 0 only)
c[?dfx] [argument]	# Compare	cmp [file] [file]	compare two files
c[?dfx] [argument]	# Compare	cu[?] [addr] @at	compare memory hexdumps of $$ and dst in unified diff
c[?dfx] [argument]	# Compare	cud [addr] @at	unified diff disasm from $$ and given address
c[?dfx] [argument]	# Compare	cv[1248] [hexpairs] @at	compare 1,2,4,8-byte (silent return in $?)
c[?dfx] [argument]	# Compare	cV[1248] [addr] @at	compare 1,2,4,8-byte address contents (silent, return in $?)
c[?dfx] [argument]	# Compare	cw[?][*dqjru] [addr]	compare memory watchers
c[?dfx] [argument]	# Compare	cx [hexpair]	compare hexpair string (use '.' as nibble wildcard)
c[?dfx] [argument]	# Compare	cx* [hexpair]	compare hexpair string (output r2 commands)
c[?dfx] [argument]	# Compare	cX [addr]	Like 'cc' but using hexdiff output
cg	Graph compare	cg [file]	diff ratio among functions (columns: off-A, match-ratio, off-B)
cg	Graph compare	cgf [fcn]	compare functions (curseek vs fcn)
cg	Graph compare	cgfa	list all functions similar to the current one
cg	Graph compare	cgo	opcode-bytes code graph diff
ci [sil] ([obid])	Compare two bin objects	cis 0	compare symbols with current `ob 1` with given obid (0)
ci [sil] ([obid])	Compare two bin objects	cii 0	compare imports
ci [sil] ([obid])	Compare two bin objects	ciE 0	compare exports
ci [sil] ([obid])	Compare two bin objects	cil 0	compare libraries
cu	[offset]	cu $$+1 > p	compare hexpairs from current seek and +1
cu	[offset]	cu1 $$+1 > p	compare bytes from current seek and +1
cu	[offset]	cu2 $$+1 > p	compare words (half, 16bit) from current seek and +1
cu	[offset]	cu4 $$+1 > p	compare dwords from current seek and +1
cu	[offset]	cu8 $$+1 > p	compare qwords from current seek and +1
cu	[offset]	cud $$+1 > p	compare disasm current seek and +1
cu	[offset]	wu p	apply unified hex patch (see output of cu)
cu	[offset]	curl ([-D data]) [http-url]	
cw [args]	Manage compare watchers; See if and how memory changes	cw??	Show more info about watchers
cw [args]	Manage compare watchers; See if and how memory changes	cw addr sz cmd	Add a compare watcher
cw [args]	Manage compare watchers; See if and how memory changes	cw[*qj] [addr]	Show compare watchers (*=r2 commands, q=quiet, j=json)
cw [args]	Manage compare watchers; See if and how memory changes	cwd [addr]	Delete watcher
cw [args]	Manage compare watchers; See if and how memory changes	cwr [addr]	Revert watcher
cw [args]	Manage compare watchers; See if and how memory changes	cwu [addr]	Update watcher
C[-LCvsdfm*?][*?] [...]	# Metadata management	C	list meta info in human friendly form
C[-LCvsdfm*?][*?] [...]	# Metadata management	C*	list meta info in r2 commands
C[-LCvsdfm*?][*?] [...]	# Metadata management	C*.	list meta info of current offset in r2 commands
C[-LCvsdfm*?][*?] [...]	# Metadata management	C- [len] [[@]addr]	delete metadata at given address range
C[-LCvsdfm*?][*?] [...]	# Metadata management	C.	list meta info of current offset in human friendly form
C[-LCvsdfm*?][*?] [...]	# Metadata management	CC! [@addr]	edit comment with $EDITOR
C[-LCvsdfm*?][*?] [...]	# Metadata management	CC[?] [-] [comment-text] [@addr]	add/remove comment
C[-LCvsdfm*?][*?] [...]	# Metadata management	CC.[addr]	show comment in current address
C[-LCvsdfm*?][*?] [...]	# Metadata management	CCa[+-] [addr] [text]	add/remove comment at given address
C[-LCvsdfm*?][*?] [...]	# Metadata management	CCu [comment-text] [@addr]	add unique comment
C[-LCvsdfm*?][*?] [...]	# Metadata management	CF[sz] [fcn-sign..] [@addr]	function signature
C[-LCvsdfm*?][*?] [...]	# Metadata management	CL[-][*] [file:line] [addr]	show or add 'code line' information (bininfo)
C[-LCvsdfm*?][*?] [...]	# Metadata management	CS[-][space]	manage meta-spaces to filter comments, etc..
C[-LCvsdfm*?][*?] [...]	# Metadata management	C[Cthsdmf]	list comments/types/hidden/strings/data/magic/formatted in human friendly form
C[-LCvsdfm*?][*?] [...]	# Metadata management	C[Cthsdmf]*	list comments/types/hidden/strings/data/magic/formatted in r2 commands
C[-LCvsdfm*?][*?] [...]	# Metadata management	Cd[-] [size] [repeat] [@addr]	hexdump data array (Cd 4 10 == dword [10])
C[-LCvsdfm*?][*?] [...]	# Metadata management	Cd. [@addr]	show size of data at current address
C[-LCvsdfm*?][*?] [...]	# Metadata management	Cf[?][-] [sz] [0|cnt][fmt] [a0 a1...] [@addr]	format memory (see pf?)
C[-LCvsdfm*?][*?] [...]	# Metadata management	Cb[?][-] [addr] [@addr]	bind both addresses for reflines purposes
C[-LCvsdfm*?][*?] [...]	# Metadata management	Cr[?][-] [sz] [r2cmd] [@addr]	run the given command to replace SZ bytes in the disasm
C[-LCvsdfm*?][*?] [...]	# Metadata management	Ch[-] [size] [@addr]	hide data
C[-LCvsdfm*?][*?] [...]	# Metadata management	Cm[-] [sz] [fmt..] [@addr]	magic parse (see pm?)
C[-LCvsdfm*?][*?] [...]	# Metadata management	Cs[?] [-] [size] [@addr]	add string
C[-LCvsdfm*?][*?] [...]	# Metadata management	Ct[?] [-] [comment-text] [@addr]	add/remove type analysis comment
C[-LCvsdfm*?][*?] [...]	# Metadata management	Ct.[@addr]	show comment at current or specified address
C[-LCvsdfm*?][*?] [...]	# Metadata management	Cv[?][bsr]	add comments to args
C[-LCvsdfm*?][*?] [...]	# Metadata management	Cz[@addr]	add string (see Cs?)
CC[-+!*au] [base64:..|str] @ addr	'sz' indicates the byte size taken up by struct. 'fmt' is a 'pf?' style format string. It controls only the display format. You may wish to have 'sz' != sizeof (fmt) when you have a large struct but have only identified specific fields in it. In that case, use 'fmt' to show the fields you know about (perhaps using 'skip' fields), and 'sz' to match the total struct size in mem.	CC!	edit comment using cfg.editor (vim, ..)
CC[-+!*au] [base64:..|str] @ addr	'sz' indicates the byte size taken up by struct. 'fmt' is a 'pf?' style format string. It controls only the display format. You may wish to have 'sz' != sizeof (fmt) when you have a large struct but have only identified specific fields in it. In that case, use 'fmt' to show the fields you know about (perhaps using 'skip' fields), and 'sz' to match the total struct size in mem.	CC [text]	append comment at current address
CC[-+!*au] [base64:..|str] @ addr	'sz' indicates the byte size taken up by struct. 'fmt' is a 'pf?' style format string. It controls only the display format. You may wish to have 'sz' != sizeof (fmt) when you have a large struct but have only identified specific fields in it. In that case, use 'fmt' to show the fields you know about (perhaps using 'skip' fields), and 'sz' to match the total struct size in mem.	CC	list all comments in human friendly form
CC[-+!*au] [base64:..|str] @ addr	'sz' indicates the byte size taken up by struct. 'fmt' is a 'pf?' style format string. It controls only the display format. You may wish to have 'sz' != sizeof (fmt) when you have a large struct but have only identified specific fields in it. In that case, use 'fmt' to show the fields you know about (perhaps using 'skip' fields), and 'sz' to match the total struct size in mem.	CC*	list all comments in r2 commands
CC[-+!*au] [base64:..|str] @ addr	'sz' indicates the byte size taken up by struct. 'fmt' is a 'pf?' style format string. It controls only the display format. You may wish to have 'sz' != sizeof (fmt) when you have a large struct but have only identified specific fields in it. In that case, use 'fmt' to show the fields you know about (perhaps using 'skip' fields), and 'sz' to match the total struct size in mem.	CC+ [text]	append comment at current address
CC[-+!*au] [base64:..|str] @ addr	'sz' indicates the byte size taken up by struct. 'fmt' is a 'pf?' style format string. It controls only the display format. You may wish to have 'sz' != sizeof (fmt) when you have a large struct but have only identified specific fields in it. In that case, use 'fmt' to show the fields you know about (perhaps using 'skip' fields), and 'sz' to match the total struct size in mem.	CC, [table-query]	list comments in table format
CC[-+!*au] [base64:..|str] @ addr	'sz' indicates the byte size taken up by struct. 'fmt' is a 'pf?' style format string. It controls only the display format. You may wish to have 'sz' != sizeof (fmt) when you have a large struct but have only identified specific fields in it. In that case, use 'fmt' to show the fields you know about (perhaps using 'skip' fields), and 'sz' to match the total struct size in mem.	CCF [file]	show or set comment file
CC[-+!*au] [base64:..|str] @ addr	'sz' indicates the byte size taken up by struct. 'fmt' is a 'pf?' style format string. It controls only the display format. You may wish to have 'sz' != sizeof (fmt) when you have a large struct but have only identified specific fields in it. In that case, use 'fmt' to show the fields you know about (perhaps using 'skip' fields), and 'sz' to match the total struct size in mem.	CC- @ cmt_addr	remove comment at given address
CC[-+!*au] [base64:..|str] @ addr	'sz' indicates the byte size taken up by struct. 'fmt' is a 'pf?' style format string. It controls only the display format. You may wish to have 'sz' != sizeof (fmt) when you have a large struct but have only identified specific fields in it. In that case, use 'fmt' to show the fields you know about (perhaps using 'skip' fields), and 'sz' to match the total struct size in mem.	CC.	show comment at current offset
CC[-+!*au] [base64:..|str] @ addr	'sz' indicates the byte size taken up by struct. 'fmt' is a 'pf?' style format string. It controls only the display format. You may wish to have 'sz' != sizeof (fmt) when you have a large struct but have only identified specific fields in it. In that case, use 'fmt' to show the fields you know about (perhaps using 'skip' fields), and 'sz' to match the total struct size in mem.	CCf	list comments in function
CC[-+!*au] [base64:..|str] @ addr	'sz' indicates the byte size taken up by struct. 'fmt' is a 'pf?' style format string. It controls only the display format. You may wish to have 'sz' != sizeof (fmt) when you have a large struct but have only identified specific fields in it. In that case, use 'fmt' to show the fields you know about (perhaps using 'skip' fields), and 'sz' to match the total struct size in mem.	CCf-	delete all comments in current function
CC[-+!*au] [base64:..|str] @ addr	'sz' indicates the byte size taken up by struct. 'fmt' is a 'pf?' style format string. It controls only the display format. You may wish to have 'sz' != sizeof (fmt) when you have a large struct but have only identified specific fields in it. In that case, use 'fmt' to show the fields you know about (perhaps using 'skip' fields), and 'sz' to match the total struct size in mem.	CCu base64:AA== @ addr	add comment in base64
CC[-+!*au] [base64:..|str] @ addr	'sz' indicates the byte size taken up by struct. 'fmt' is a 'pf?' style format string. It controls only the display format. You may wish to have 'sz' != sizeof (fmt) when you have a large struct but have only identified specific fields in it. In that case, use 'fmt' to show the fields you know about (perhaps using 'skip' fields), and 'sz' to match the total struct size in mem.	CCu good boy @ addr	add good boy comment at given address
CC[-+!*au] [base64:..|str] @ addr	'sz' indicates the byte size taken up by struct. 'fmt' is a 'pf?' style format string. It controls only the display format. You may wish to have 'sz' != sizeof (fmt) when you have a large struct but have only identified specific fields in it. In that case, use 'fmt' to show the fields you know about (perhaps using 'skip' fields), and 'sz' to match the total struct size in mem.	Cf[?][-] [sz] [0|cnt][fmt] [a0 a1...] [@addr]	format memory (see pf?)
Cs[ga-*.] ([size]) [@addr]		Cs [size] @addr	add string (guess latin1/utf16le)
Cs[ga-*.] ([size]) [@addr]		Cs	list all strings in human friendly form
Cs[ga-*.] ([size]) [@addr]		Cs*	list all strings in r2 commands
Cs[ga-*.] ([size]) [@addr]		Cs- [@addr]	remove string
Cs[ga-*.] ([size]) [@addr]		Cs.	show string at current address
Cs[ga-*.] ([size]) [@addr]		Cs..	show string + info about it at current address
Cs[ga-*.] ([size]) [@addr]		Cs.j	show string at current address in JSON
Cs[ga-*.] ([size]) [@addr]		Cs8 [size] ([@addr])	add utf8 string
Cs[ga-*.] ([size]) [@addr]		Csa [size] ([@addr])	add ascii/latin1 string
Cs[ga-*.] ([size]) [@addr]		Csg [size] ([@addr])	add ascii/latin1 string  but addr not needed
Cs[ga-*.] ([size]) [@addr]		Csw [size] ([@addr])	add wide string (utf16)
Cs[ga-*.] ([size]) [@addr]		Csz [size] ([@addr])	define zero terminated strings (with size as maxlen)
Cs[ga-*.] ([size]) [@addr]		Css ([range]) ([@addr])	define all strings found in given range or section
Cs[ga-*.] ([size]) [@addr]		Cz [size] [@addr]	Alias for Csz
Ct [.|-] [@ addr]	# Manage comments for variable types	Ct	list all variable type comments
Ct [.|-] [@ addr]	# Manage comments for variable types	Ct comment-text [@ addr]	place comment at current or specified address
Ct [.|-] [@ addr]	# Manage comments for variable types	Ct. [@ addr]	show comment at current or specified address
Ct [.|-] [@ addr]	# Manage comments for variable types	Ct- [@ addr]	remove comment at current or specified address
d	# Debug commands	d:[?] [cmd]	run custom debug plugin command
d	# Debug commands	db[?]	breakpoints commands
d	# Debug commands	dbt[?]	display backtrace based on dbg.btdepth and dbg.btalgo
d	# Debug commands	dc[?]	continue execution
d	# Debug commands	dd[?][*+-tsdfrw]	manage file descriptors for child process
d	# Debug commands	de[-sc] [perm] [rm] [e]	debug with ESIL (see de?)
d	# Debug commands	dg <file>	generate a core-file (WIP)
d	# Debug commands	dh [plugin-name]	select a new debug handler plugin (see dbh)
d	# Debug commands	dH [handler]	transplant process to a new handler
d	# Debug commands	di[?]	show debugger backend information (See dh)
d	# Debug commands	dk[?]	list, send, get, set, signal handlers of child
d	# Debug commands	dL[?]	list or set debugger handler
d	# Debug commands	dm[?]	show memory maps
d	# Debug commands	do[?]	open process (reload, alias for 'oo')
d	# Debug commands	doo[args]	reopen in debug mode with args (alias for 'ood')
d	# Debug commands	doof[file]	reopen in debug mode from file (alias for 'oodf')
d	# Debug commands	doc	close debug session
d	# Debug commands	dp[?]	list, attach to process or thread id
d	# Debug commands	dr[?]	cpu registers
d	# Debug commands	ds[?]	step, over, source line
d	# Debug commands	dt[?]	display instruction traces
d	# Debug commands	dw <pid>	block prompt until pid dies
d	# Debug commands	dx[?][aers]	execute code in the child process
d	# Debug commands	date [-b]	use -b for beat time
db	# Breakpoints commands	db	list breakpoints
db	# Breakpoints commands	db*	list breakpoints in r commands
db	# Breakpoints commands	db sym.main	add breakpoint into sym.main
db	# Breakpoints commands	db <addr>	add breakpoint
db	# Breakpoints commands	dbH <addr>	add hardware breakpoint
db	# Breakpoints commands	db- <addr>	remove breakpoint
db	# Breakpoints commands	db-*	remove all the breakpoints
db	# Breakpoints commands	db.	show breakpoint info in current offset
db	# Breakpoints commands	dbj	list breakpoints in JSON format
db	# Breakpoints commands	dbc <addr> <cmd>	run command when breakpoint is hit
db	# Breakpoints commands	dbC <addr> <cmd>	run command but continue until <cmd> returns zero
db	# Breakpoints commands	dbd <addr>	disable breakpoint
db	# Breakpoints commands	dbe <addr>	enable breakpoint
db	# Breakpoints commands	dbs <addr>	toggle breakpoint
db	# Breakpoints commands	dbf	put a breakpoint into every no-return function
db	# Breakpoints commands	dbm <module> <offset>	add a breakpoint at an offset from a module's base
db	# Breakpoints commands	dbn [<name>]	show or set name for current breakpoint
db	# Breakpoints commands	dbi	list breakpoint indexes
db	# Breakpoints commands	dbi <addr>	show breakpoint index in givengiven offset
db	# Breakpoints commands	dbi.	show breakpoint index in current offset
db	# Breakpoints commands	dbi- <idx>	remove breakpoint by index
db	# Breakpoints commands	dbix <idx> [expr]	set expression for bp at given index
db	# Breakpoints commands	dbic <idx> <cmd>	run command at breakpoint index
db	# Breakpoints commands	dbie <idx>	enable breakpoint by index
db	# Breakpoints commands	dbid <idx>	disable breakpoint by index
db	# Breakpoints commands	dbis <idx>	swap Nth breakpoint
db	# Breakpoints commands	dbite <idx>	enable breakpoint Trace by index
db	# Breakpoints commands	dbitd <idx>	disable breakpoint Trace by index
db	# Breakpoints commands	dbits <idx>	swap Nth breakpoint trace
db	# Breakpoints commands	dbh x86	set/list breakpoint plugin handlers
db	# Breakpoints commands	dbh- <name>	remove breakpoint plugin handler
db	# Breakpoints commands	dbt[?]	show backtrace. See dbt? for more details
db	# Breakpoints commands	dbx [expr]	set expression for bp in current offset
db	# Breakpoints commands	dbw <addr> <r/w/rw>	add watchpoint
db	# Breakpoints commands	drx number addr len perm	modify hardware breakpoint
db	# Breakpoints commands	drx-number	clear hardware breakpoint
dbt	# Backtrace commands	dbt	display backtrace based on dbg.btdepth and dbg.btalgo
dbt	# Backtrace commands	dbt*	display backtrace in flags
dbt	# Backtrace commands	dbt=	display backtrace in one line (see dbt=s and dbt=b for sp or bp)
dbt	# Backtrace commands	dbtv	display backtrace with local vars if any
dbt	# Backtrace commands	dbtj	display backtrace in JSON
dbt	# Backtrace commands	dbta	display ascii-art representation of the stack backtrace
dbt	# Backtrace commands	dbte <addr>	enable Breakpoint Trace
dbt	# Backtrace commands	dbtd <addr>	disable Breakpoint Trace
dbt	# Backtrace commands	dbts <addr>	swap Breakpoint Trace
dbt	# Backtrace commands	dbt	display backtrace based on dbg.btdepth and dbg.btalgo
dbt	# Backtrace commands	dbt*	display backtrace in flags
dbt	# Backtrace commands	dbt=	display backtrace in one line (see dbt=s and dbt=b for sp or bp)
dbt	# Backtrace commands	dbtv	display backtrace with local vars if any
dbt	# Backtrace commands	dbtj	display backtrace in JSON
dbt	# Backtrace commands	dbta	display ascii-art representation of the stack backtrace
dbt	# Backtrace commands	dbte <addr>	enable Breakpoint Trace
dbt	# Backtrace commands	dbtd <addr>	disable Breakpoint Trace
dbt	# Backtrace commands	dbts <addr>	swap Breakpoint Trace
dc	Execution continuation commands	dc	continue execution of all children
dc	Execution continuation commands	dc <pid>	continue execution of pid
dc	Execution continuation commands	dc[-pid]	stop execution of pid
dc	Execution continuation commands	dcb	continue back until breakpoint
dc	Execution continuation commands	dcc	continue until call (use step into)
dc	Execution continuation commands	dcco	continue until call (use step over)
dc	Execution continuation commands	dccu	continue until unknown call (call reg)
dc	Execution continuation commands	dce	continue execution (pass exception to program)
dc	Execution continuation commands	dcf	continue until fork (TODO)
dc	Execution continuation commands	dck <signal> <pid>	continue sending signal to process
dc	Execution continuation commands	dcp	continue until program code (mapped io section)
dc	Execution continuation commands	dcr	continue until ret (uses step over)
dc	Execution continuation commands	dcs[?] <num>	continue until syscall
dc	Execution continuation commands	dct <len>	traptrace from curseek to len, no argument to list
dc	Execution continuation commands	dcu[?] [..end|addr] ([end])	continue until address (or range)
dcs	Continue until syscall	dcs	continue until next syscall
dcs	Continue until syscall	dcs [str]	continue until next call to the 'str' syscall
dcs	Continue until syscall	dcs*	trace all syscalls, a la strace
dcu	Continue until address	dcu.	alias for dcu $$ (continue until current address)
dcu	Continue until address	dcu address	continue until address
dcu	Continue until address	dcu [..tail]	continue until the range
dcu	Continue until address	dcu [from] [to]	continue until the range
dd	Manage file descriptors for child process (* to show r2 commands)	dd[*]	list file descriptors
dd	Manage file descriptors for child process (* to show r2 commands)	dd[*] <file|addr>	open file as read-only (r--); addr = use as char* for path
dd	Manage file descriptors for child process (* to show r2 commands)	dd+[*] <file|addr>	open/create file as read-write (rw-); addr = use as char* for path
dd	Manage file descriptors for child process (* to show r2 commands)	dd-[*] <fd>	close fd
dd	Manage file descriptors for child process (* to show r2 commands)	ddt[*]	close terminal fd (alias for `dd- 0`)
dd	Manage file descriptors for child process (* to show r2 commands)	dds[*] <fd> [offset]	seek fd to offset (no offset = seek to beginning)
dd	Manage file descriptors for child process (* to show r2 commands)	ddd[*] <oldfd> <newfd>	copy oldfd to newfd with dup2
dd	Manage file descriptors for child process (* to show r2 commands)	ddf[*] <addr>	create pipe and write fds to (int[2])addr
dd	Manage file descriptors for child process (* to show r2 commands)	ddr[*] <fd> <addr> <size>	read bytes from fd into (char*)addr
dd	Manage file descriptors for child process (* to show r2 commands)	ddw[*] <fd> <addr> <size>	write bytes from (const char*)addr to fd
di	Debugger target information	di	show debugger target information
di	Debugger target information	di*	show debugger target information , but in r2 commands
di	Debugger target information	dir	alias for 'ls'
di	Debugger target information	diq	alias for 'ls' , but in one line
di	Debugger target information	dij	same as above, but in one line , but in JSON format
di	Debugger target information	dif [$a] [$b]	compare two files (or $alias files)
dk	Signal commands	dk	list all signal handlers of child process
dk	Signal commands	dk <signal>	send KILL signal to child
dk	Signal commands	dk <signal>=1	set signal handler for <signal> in child
dk	Signal commands	dk?<signal>	name/signum resolver
dk	Signal commands	dko[?] <signal>	reset skip or cont options for given signal
dk	Signal commands	dko <signal> [|skip|cont]	on signal SKIP handler or CONT into
dk	Signal commands	dkj	list all signal handlers in JSON
dko	# Signal handling commands NOTE: [signal] can be a number or a string that resolves with dk? skip means do not enter into the signal handler continue means enter into the signal handler	dko	list existing signal handling
dko	# Signal handling commands NOTE: [signal] can be a number or a string that resolves with dk? skip means do not enter into the signal handler continue means enter into the signal handler	dko [signal]	clear handling for a signal
dko	# Signal handling commands NOTE: [signal] can be a number or a string that resolves with dk? skip means do not enter into the signal handler continue means enter into the signal handler	dko [signal] [skip|cont]	set handling for a signal
dL	List or set debugger handler	dL	list debugger handlers
dL	List or set debugger handler	dLq	list debugger handlers in quiet mode
dL	List or set debugger handler	dLj	list debugger handlers in json mode
dL	List or set debugger handler	dL <handler>	set debugger handler
dm	# Memory maps commands	dm	list memory maps of target process
dm	# Memory maps commands	dm address size	allocate <size> bytes at <address> (anywhere if address is -1) in child process
dm	# Memory maps commands	dm=	list memory maps of target process (ascii-art bars)
dm	# Memory maps commands	dm.	show map name of current address
dm	# Memory maps commands	dm*	list memmaps in radare commands
dm	# Memory maps commands	dm- address	deallocate memory map of <address>
dm	# Memory maps commands	dmd[aw] [file]	dump current (all or writable) debug map region to a file (from-to.dmp) (see Sd)
dm	# Memory maps commands	dmh[?]	show map of heap
dm	# Memory maps commands	dmi [addr|libname] [symname]	list symbols of target lib
dm	# Memory maps commands	dmi* [addr|libname] [symname]	list symbols of target lib in radare commands
dm	# Memory maps commands	dmi.	list closest symbol to the current address
dm	# Memory maps commands	dmis [libname]	same as .dmi* - import all symbols from given lib as flags
dm	# Memory maps commands	dmiv	show address of given symbol for given lib
dm	# Memory maps commands	dmj	list memmaps in JSON format
dm	# Memory maps commands	dml <file>	load contents of file into the current map region
dm	# Memory maps commands	dmm[?][j*]	list modules (libraries, binaries loaded in memory)
dm	# Memory maps commands	dmp[?] <address> <size> <perms>	change page at <address> with <size>, protection <perms> (perm)
dm	# Memory maps commands	dms[?] <id> <mapaddr>	take/store memory snapshot
dm	# Memory maps commands	dms- <id> <mapaddr>	restore memory snapshot
dm	# Memory maps commands	dmS[*] [addr|libname] [sectname]	list sections of target lib
dm	# Memory maps commands	dmL address size	allocate <size> bytes at <address> and promote to huge page
dmh[?]	# debug memory heap	dmh	List process memory zones
dmm	# Module memory maps commands	dmm	list modules of target process
dmm	# Module memory maps commands	dmm*	list modules of target process (r2 commands)
dmm	# Module memory maps commands	dmm.	list memory map of current module
dmm	# Module memory maps commands	dmmj	list modules of target process (JSON)
dmp	Change page permissions	dmp [addr] [size] [perms]	change permissions
dmp	Change page permissions	dmp [perms]	change dbg.map permissions
dmp	Change page permissions	dms[?] <id> <mapaddr>	take/store memory snapshot
dmp	Change page permissions	dms- <id> <mapaddr>	restore memory snapshot
dms	# Memory map snapshots	dms	list memory snapshots
dms	# Memory map snapshots	dms addr	take snapshot with given id of map at address
dms	# Memory map snapshots	dms-id	delete memory snapshot
dms	# Memory map snapshots	dms.	take snapshot of current map
dms	# Memory map snapshots	dms-	revert to previous snapshot
dms	# Memory map snapshots	dms+	re-apply snapshot
dms	# Memory map snapshots	dms*	list snapshots in r2 commands
dms	# Memory map snapshots	dmsj	list snapshots in JSON
dms	# Memory map snapshots	dmsC id comment	add comment for given snapshot
dms	# Memory map snapshots	dmsd id	hexdiff given snapshot. See `ccc`.
dms	# Memory map snapshots	dmsw	snapshot of the writable maps
dms	# Memory map snapshots	dmsa	full snapshot of all `dm` maps
do	# Debug (re)open commands	do	open process (reload, alias for 'oo')
do	# Debug (re)open commands	dor [rarun2]	comma separated list of k=v rarun2 profile options (e dbg.profile)
do	# Debug (re)open commands	doe	show rarun2 startup profile
do	# Debug (re)open commands	doe!	edit rarun2 startup profile with $EDITOR
do	# Debug (re)open commands	doo [args]	Reopen in debug mode with args (alias for 'ood')
do	# Debug (re)open commands	doof [args]	Reopen in debug mode from file (alias for 'oodf')
do	# Debug (re)open commands	doc	close debug session
dp	# Process commands	dp	list current pid and children
dp	# Process commands	dpq	same as dp. just show the current process id
dp	# Process commands	dp <pid>	list children of pid
dp	# Process commands	dpj <pid>	list children of pid in JSON format
dp	# Process commands	dpl	list all attachable pids
dp	# Process commands	dplj	list all attachable pids in JSON format
dp	# Process commands	dp- <pid>	detach select pid
dp	# Process commands	dp=<pid>	select pid
dp	# Process commands	dpa <pid>	attach and select pid
dp	# Process commands	dpc	select forked pid (see dbg.forks)
dp	# Process commands	dpc*	display forked pid (see dbg.forks)
dp	# Process commands	dpe	show path to executable
dp	# Process commands	dpf	attach to pid like file fd // HACK
dp	# Process commands	dpk <pid> [<signal>]	send signal to process (default 0)
dp	# Process commands	dpn	create new process (fork)
dp	# Process commands	dpt[?][j]	list threads of current pid
dp	# Process commands	dpt <pid>	list threads of process
dp	# Process commands	dpt.	show current thread id
dp	# Process commands	dptj	list threads of current pid in JSON format
dp	# Process commands	dptn	create new thread (clone)
dp	# Process commands	dptj <pid>	list threads of process in JSON format
dp	# Process commands	dpt=<thread>	attach to thread
dp	# Process commands	dpt[?][j]	list threads of current pid
dp	# Process commands	dpt <pid>	list threads of process
dp	# Process commands	dpt.	show current thread id
dp	# Process commands	dptj	list threads of current pid in JSON format
dp	# Process commands	dptn	create new thread (clone)
dp	# Process commands	dptj <pid>	list threads of process in JSON format
dp	# Process commands	dpt=<thread>	attach to thread
dr	Registers commands	dr	show 'gpr' registers
dr	Registers commands	dr <register>=<val>	set register value
dr	Registers commands	dr. >$snapshot	capture current register values in r2 alias file
dr	Registers commands	dr, [table-query]	enumerate registers in table format
dr	Registers commands	dr0	zero-fill the register arena, reset their state
dr	Registers commands	dr8[1|2|4|8] [type]	display hexdump of gpr arena (WIP)
dr	Registers commands	dr=	show registers in columns
dr	Registers commands	dr?<register>	show value of given register
dr	Registers commands	dr??	same as dr?`drp~=[0]+` # list all reg roles alias names and values
dr	Registers commands	dra[?]	manage register arenas. see ara?
dr	Registers commands	drb[1|2|4|8] [type]	display hexdump of gpr arena (WIP)
dr	Registers commands	drc [name]	related to conditional flag registers
dr	Registers commands	drC [register]	show register comments
dr	Registers commands	drd	show only different registers
dr	Registers commands	dre	show esil expression to set register values (like dr*)
dr	Registers commands	drf	show fpu registers (80 bit long double)
dr	Registers commands	dri	show inverse registers dump (sorted by value)
dr	Registers commands	drl[j]	list all register names
dr	Registers commands	drv[?]	show vector registers (also known as sve / packed / multimedia)
dr	Registers commands	dro	show previous (old) values of registers
dr	Registers commands	drp[?]	display current register profile
dr	Registers commands	drr	show registers references (telescoping)
dr	Registers commands	drrj	show registers references (telescoping) in JSON format
dr	Registers commands	drs[?]	stack register states
dr	Registers commands	drt[?]	show all register types
dr	Registers commands	drw <hexnum>	set contents of the register arena
dr	Registers commands	drx[?]	show debug registers
dr	Registers commands	.dr*	include common register values in flags
dr	Registers commands	.dr-	unflag all registers
ara[+-s]	register Arena Push/Pop/Swap	ara	show all register arenas allocated
ara[+-s]	register Arena Push/Pop/Swap	ara+	push a new register arena for each type
ara[+-s]	register Arena Push/Pop/Swap	ara-	pop last register arena
ara[+-s]	register Arena Push/Pop/Swap	aras	swap last two register arenas
arp	# Register profile commands	arp	show the current register profile
arp	# Register profile commands	arp [regprofile-file]	set the current register profile
arp	# Register profile commands	arp [gdb] [regprofile-file]	parse gdb register profile and dump an r2 profile string
arp	# Register profile commands	arp*	print r2 commands creating flags for each register inside the arena offset
arp	# Register profile commands	arpc	show register profile comments
arp	# Register profile commands	arpi	show internal representation of the register profile
arp	# Register profile commands	arp.	show the current fake size
arp	# Register profile commands	arpj	show the current register profile (JSON)
arp	# Register profile commands	arps [new fake size]	get or set the register profile size
arp	# Register profile commands	arpg	show register profile comments
arp	# Register profile commands	NOTE:	this help will show arp if you run drp? when cfg.debug=0
drs	# Register states commands	drs	list register stack
drs	# Register states commands	drs+	push register state
drs	# Register states commands	drs-	pop register state
drs	# Register states commands	drt[?]	show all register types
ds	Step commands	ds	step one instruction
ds	Step commands	ds <num>	step <num> instructions
ds	Step commands	dsb	step back one instruction
ds	Step commands	dsf	step until end of frame
ds	Step commands	dsi <cond>	continue until condition matches
ds	Step commands	dsl	step one source line
ds	Step commands	dsl <num>	step <num> source lines
ds	Step commands	dso <num>	step over <num> instructions
ds	Step commands	dsp	step into program (skip libs)
ds	Step commands	dss <num>	skip <num> step instructions
ds	Step commands	dsu[?] <address>	step until <address>. See 'dsu?' for other step until cmds.
dsu	Step until commands	dsu <address>	step until <address>
dsu	Step until commands	dsui <instr>	step until an instruction disasm matches
dsu	Step until commands	dsuir <regex>	like dsui, but using a regexp
dsu	Step until commands	dsuo <optype> [<optype> ...]	step until an instr matches one of the <optype>s.
dsu	Step until commands	dsue <esil>	step until <esil> expression matches
dsu	Step until commands	dsuf <flag>	step until pc == <flag> matching name
dt	Trace commands	dt	list all traces
dt	Trace commands	dt [addr]	show trace info at address
dt	Trace commands	dt*	list all traced opcode offsets
dt	Trace commands	dtj	list instruction trace logs in json
dt	Trace commands	dt+ [addr] [times]	add trace for address N times
dt	Trace commands	dt-	reset traces (instruction/calls)
dt	Trace commands	dt=	show ascii-art color bars with the debug trace ranges
dt	Trace commands	dta 0x804020 ...	only trace given addresses
dt	Trace commands	dtc[?][addr]|([from] [to] [addr])	trace call/ret
dt	Trace commands	dtd[qi] [nth-start]	list all traced disassembled (quiet, instructions)
dt	Trace commands	dte[?]	show esil trace logs
dt	Trace commands	dtg	graph call/ret trace
dt	Trace commands	dtg*	graph in agn/age commands. use .dtg*;aggi for visual
dt	Trace commands	dtgi	interactive debug trace
dt	Trace commands	dts[?]	manage trace sessions, used for step back (EXPERIMENTAL)
dt	Trace commands	dtt [tag]	select trace tag (no arg unsets)
dt	Trace commands	dtt.	show current tag
dt	Trace commands	dtc[?][addr]|([from] [to] [addr])	trace call/ret
dte	Show esil trace logs	dte	esil trace log for a single instruction
dte	Show esil trace logs	dte [idx]	show commands for that index log
dte	Show esil trace logs	dte-*	delete all the esil traces recorded
dte	Show esil trace logs	dtei	emulate instruction and record a trace their effects
dte	Show esil trace logs	dted	disassemble all traced instructions
dte	Show esil trace logs	dtek [sdb query]	esil trace log single instruction from sdb
dts[*]	Trace sessions	dts+	start trace session
dts[*]	Trace sessions	dts-	stop trace session
dts[*]	Trace sessions	dtst [dir]	save trace sessions to disk
dts[*]	Trace sessions	dtsf [dir]	read trace sessions from disk
dts[*]	Trace sessions	dtsm	list current memory map and hash
dx [aers]	Debug execution commands Examples:	dx <hexpairs>	execute opcodes
dx [aers]	Debug execution commands Examples:	dxa <asm>	assemble code and execute
dx [aers]	Debug execution commands Examples:	dxe[?] <egg-expr>	compile egg expression and execute it
dx [aers]	Debug execution commands Examples:	dxr <hexpairs>	execute opcodes and restore state
dx [aers]	Debug execution commands Examples:	dxrs <hexpairs>	execute opcodes and restore state, excluding the stack
dx [aers]	Debug execution commands Examples:	dxs <name> [args]	syscall injection (see gs)
dx [aers]	Debug execution commands Examples:	dx 9090	execute two x86 nops
dx [aers]	Debug execution commands Examples:	"""dxa mov eax,6;mov ebx,0;"""	assemble and execute
dx [aers]	Debug execution commands Examples:	dxs write 1, 0x8048, 12	write 12 bytes from 0x8048 into stdout
dxe	egg-program # see ragg2 and the 'g' command for more details	"dxe sym.imp.puts(""foo"")"	call puts with a string argument
e [var[=value]]	Evaluable vars	e?asm.bytes	show description
e [var[=value]]	Evaluable vars	e??	list config vars with description
e [var[=value]]	Evaluable vars	e a	get value of var 'a'
e [var[=value]]	Evaluable vars	e a=b	set var 'a' the 'b' value
e [var[=value]]	Evaluable vars	e.a=b	same as 'e a=b' but without using a space
e [var[=value]]	Evaluable vars	e,[table-query]	show the output in table format
e [var[=value]]	Evaluable vars	e/asm	filter configuration variables by name
e [var[=value]]	Evaluable vars	e:k=v:k=v:k=v	comma or colon separated k[=v]
e [var[=value]]	Evaluable vars	e-	reset config vars
e [var[=value]]	Evaluable vars	e*	dump config vars in r commands
e [var[=value]]	Evaluable vars	e!a	invert the boolean value of 'a' var
e [var[=value]]	Evaluable vars	ec[?] [k] [color]	set color for given key (prompt, offset, ...)
e [var[=value]]	Evaluable vars	ee [var]	open cfg.editor to change the value of var
e [var[=value]]	Evaluable vars	ed	open editor to change the ~/.radare2rc
e [var[=value]]	Evaluable vars	ed-[!]	delete ~/.radare2c (Use ed-! to delete without prompting)
e [var[=value]]	Evaluable vars	ej	list config vars in JSON
e [var[=value]]	Evaluable vars	eJ	list config vars in verbose JSON
e [var[=value]]	Evaluable vars	en	list environment vars
e [var[=value]]	Evaluable vars	env [k[=v]]	get/set environment variable
e [var[=value]]	Evaluable vars	er [key]	set config key as readonly. no way back
e [var[=value]]	Evaluable vars	es [space]	list all eval spaces [or keys]
e [var[=value]]	Evaluable vars	et [key]	show type of given config variable
e [var[=value]]	Evaluable vars	ev [key]	list config vars in verbose format
e [var[=value]]	Evaluable vars	evj [key]	list config vars in verbose format in JSON
ec[s?] [key][[=| ]fg] [bg]	Vars:	ec [key]	list all/key color keys
ec[s?] [key][[=| ]fg] [bg]	Vars:	ec*	list all/key color keys , but using r2 commands
ec[s?] [key][[=| ]fg] [bg]	Vars:	ecd	set default palette
ec[s?] [key][[=| ]fg] [bg]	Vars:	ecr	set random palette (see also scr.randpal)
ec[s?] [key][[=| ]fg] [bg]	Vars:	ecs	show a colorful palette
ec[s?] [key][[=| ]fg] [bg]	Vars:	ecj	show palette in JSON
ec[s?] [key][[=| ]fg] [bg]	Vars:	ecc [prefix]	show palette in CSS
ec[s?] [key][[=| ]fg] [bg]	Vars:	eco [theme]	load theme if provided (list available themes if not)
ec[s?] [key][[=| ]fg] [bg]	Vars:	ecp	load previous color theme
ec[s?] [key][[=| ]fg] [bg]	Vars:	ecn	load next color theme
ec[s?] [key][[=| ]fg] [bg]	Vars:	ecH[?]	highlight word or instruction
ec[s?] [key][[=| ]fg] [bg]	Vars:	ec prompt red	change color of prompt
ec[s?] [key][[=| ]fg] [bg]	Vars:	ec prompt red blue	change color and background of prompt
ec[s?] [key][[=| ]fg] [bg]	Vars:	colors:	rgb:000, red, green, blue, #ff0000, ...
ec[s?] [key][[=| ]fg] [bg]	Vars:	e scr.color=0	use more colors (0: no color 1: ansi 16, 2: 256, 3: 16M)
ec[s?] [key][[=| ]fg] [bg]	Vars:	$DATADIR/radare2/cons	~/.local/share/radare2/cons
ecH[iw-?]		ecHi[color]	highlight current instruction with 'color' background
ecH[iw-?]		ecHw[word] [color]	highlight 'word ' in current instruction with 'color' background
ecH[iw-?]		ecH	list all the highlight rules
ecH[iw-?]		ecH.	show highlight rule in current offset
ecH[iw-?]		ecH-*	remove all the highlight hints
ecH[iw-?]		ecH-	remove all highlights on current instruction
f [?] [flagname]	# Manage offset-name flags	f	list flags (will only list flags from selected flagspaces)
f [?] [flagname]	# Manage offset-name flags	f name 12 @ 33	set flag 'name' with length 12 at offset 33
f [?] [flagname]	# Manage offset-name flags	f name = 33	alias for 'f name @ 33' or 'f name 1 33'
f [?] [flagname]	# Manage offset-name flags	f name 12 33 [cmt]	alias for 'f name @ 33' or 'f name 1 33'  + optional comment
f [?] [flagname]	# Manage offset-name flags	f?flagname	check if flag exists or not, See ?? and ?!
f [?] [flagname]	# Manage offset-name flags	f. [*[*]]	list local per-function flags (*) as r2 commands
f [?] [flagname]	# Manage offset-name flags	f.blah=$$+12	set local function label named 'blah' (f.blah@$$+12)
f [?] [flagname]	# Manage offset-name flags	f.-blah	delete local function label named 'blah'
f [?] [flagname]	# Manage offset-name flags	f. fname	list all local labels for the given function
f [?] [flagname]	# Manage offset-name flags	f,	table output for flags
f [?] [flagname]	# Manage offset-name flags	f*	list flags in r commands
f [?] [flagname]	# Manage offset-name flags	f-.blah@fcn.foo	delete local label from function at current seek (also f.-)
f [?] [flagname]	# Manage offset-name flags	f-name	remove flag 'name'
f [?] [flagname]	# Manage offset-name flags	f-@addr	remove flag at address expression (same as f-$$ or f-0x..)
f [?] [flagname]	# Manage offset-name flags	f--	delete all flags and flagspaces (deinit)
f [?] [flagname]	# Manage offset-name flags	f+name 12 @ 33	like above but creates new one if doesnt exist
f [?] [flagname]	# Manage offset-name flags	f= [glob]	list range bars graphics with flag offsets and sizes
f [?] [flagname]	# Manage offset-name flags	fa [name] [alias]	alias a flag to evaluate an expression
f [?] [flagname]	# Manage offset-name flags	fb [addr]	set base address for new flags
f [?] [flagname]	# Manage offset-name flags	fb [addr] [flag*]	move flags matching 'flag' to relative addr
f [?] [flagname]	# Manage offset-name flags	fc[?][name] [color]	set color for given flag
f [?] [flagname]	# Manage offset-name flags	fC [name] [cmt]	set comment for given flag
f [?] [flagname]	# Manage offset-name flags	fd[?] addr	return flag+delta
f [?] [flagname]	# Manage offset-name flags	fD[?] rawname	(de)mangle flag or set a new flag
f [?] [flagname]	# Manage offset-name flags	fe [name]	create flag name.#num# enumerated flag. (f.ex: fe foo @@= 1 2 3 4)
f [?] [flagname]	# Manage offset-name flags	fe-	resets the enumerator counter
f [?] [flagname]	# Manage offset-name flags	ff ([glob])	distance in bytes to reach the next flag (see sn/sp)
f [?] [flagname]	# Manage offset-name flags	fi [size] | [from] [to]	show flags in current block or range
f [?] [flagname]	# Manage offset-name flags	fg[*] ([prefix])	construct a graph with the flag names
f [?] [flagname]	# Manage offset-name flags	fj	list flags in JSON format
f [?] [flagname]	# Manage offset-name flags	fq	list flags in quiet mode
f [?] [flagname]	# Manage offset-name flags	fl (@[flag]) [size]	show or set flag length (size)
f [?] [flagname]	# Manage offset-name flags	fla [glob]	automatically compute the size of all flags matching glob
f [?] [flagname]	# Manage offset-name flags	fm addr	move flag at current offset to new address
f [?] [flagname]	# Manage offset-name flags	fn	list flags displaying the real name (demangled)
f [?] [flagname]	# Manage offset-name flags	fnj	list flags displaying the real name (demangled) in JSON format
f [?] [flagname]	# Manage offset-name flags	fN	show real name of flag at current address
f [?] [flagname]	# Manage offset-name flags	fN [[name]] [realname]	set flag real name (if no flag name current seek one is used)
f [?] [flagname]	# Manage offset-name flags	fo	show fortunes
f [?] [flagname]	# Manage offset-name flags	fO [glob]	flag as ordinals (sym.* func.* method.*)
f [?] [flagname]	# Manage offset-name flags	fr [[old]] [new]	rename flag (if no new flag current seek one is used)
f [?] [flagname]	# Manage offset-name flags	fR[?] [from] [to] [mask]	relocate all flags matching from&~m
f [?] [flagname]	# Manage offset-name flags	fs[?]+-*	manage flagspaces
f [?] [flagname]	# Manage offset-name flags	ft[?]*	flag tags, useful to find all flags matching some words
f [?] [flagname]	# Manage offset-name flags	fV[*-] [nkey] [offset]	dump/restore visual marks (mK/'K)
f [?] [flagname]	# Manage offset-name flags	fx[d]	show hexdump (or disasm) of flag:flagsize
f [?] [flagname]	# Manage offset-name flags	fz[?][name]	add named flag zone -name to delete. see fz?[name]
fc <flagname> [color]	# List colors with 'ecs'	fc	same as fc.
fc <flagname> [color]	# List colors with 'ecs'	fc color	set color to all flags in current offset
fc <flagname> [color]	# List colors with 'ecs'	fc flag=color	set color to given flag. Same as 'fc color@flag'
fc <flagname> [color]	# List colors with 'ecs'	fc.	get color of all flags in current offset
fc <flagname> [color]	# List colors with 'ecs'	fc-	remove color from current offset
fc <flagname> [color]	# List colors with 'ecs'	fc-flagname	remove color from given flag
fc <flagname> [color]	# List colors with 'ecs'	fc-*	reset all color flags
fc <flagname> [color]	# List colors with 'ecs'	fc*	list all flags colors in r2 commands
fc <flagname> [color]	# List colors with 'ecs'	fc.*	set color to all flags in current offset
fd[d]	[offset|flag|expression]	fd $$	describe flag + delta for given offset
fd[d]	[offset|flag|expression]	fd. $$	check flags in current address (no delta)
fd[d]	[offset|flag|expression]	fdj $$	describe current flag in json
fd[d]	[offset|flag|expression]	fdd $$	describe flag without space restrictions
fd[d]	[offset|flag|expression]	fdw [string]	filter closest flag by string for current offset
fD[*.j]	[rawname]	fD rawname	print the mangled flag name using the raw name, see the ' command prefix
fD[*.j]	[rawname]	fD. rawname	set a flag using the orig raw name in the current offset
fD[*.j]	[rawname]	fDj rawname	same as fD but output is in json
fD[*.j]	[rawname]	fD* rawname	filter raw name to be a valid flag and output in r2 commands
fR	[from] [to] ([mask])	fR entry0 `dm~:1[1]`	rebase entrypoint
fs [*] [+-][flagspace|addr]	# Manage flagspaces	fs	display flagspaces
fs [*] [+-][flagspace|addr]	# Manage flagspaces	fs*	display flagspaces as r2 commands
fs [*] [+-][flagspace|addr]	# Manage flagspaces	fsj	display flagspaces in JSON
fs [*] [+-][flagspace|addr]	# Manage flagspaces	fs *	select all flagspaces
fs [*] [+-][flagspace|addr]	# Manage flagspaces	fs flagspace	select flagspace or create if it doesn't exist
fs [*] [+-][flagspace|addr]	# Manage flagspaces	fs-flagspace	remove flagspace
fs [*] [+-][flagspace|addr]	# Manage flagspaces	fs-*	remove all flagspaces
fs [*] [+-][flagspace|addr]	# Manage flagspaces	fs+foo	push previous flagspace and set
fs [*] [+-][flagspace|addr]	# Manage flagspaces	fs-	pop to the previous flagspace
fs [*] [+-][flagspace|addr]	# Manage flagspaces	fs-.	remove the current flagspace
fs [*] [+-][flagspace|addr]	# Manage flagspaces	fsq	list flagspaces in quiet mode
fs [*] [+-][flagspace|addr]	# Manage flagspaces	fsm [addr]	move flags at given address to the current flagspace
fs [*] [+-][flagspace|addr]	# Manage flagspaces	fss	display flagspaces stack
fs [*] [+-][flagspace|addr]	# Manage flagspaces	fss*	display flagspaces stack in r2 commands
fs [*] [+-][flagspace|addr]	# Manage flagspaces	fssj	display flagspaces stack in JSON
fs [*] [+-][flagspace|addr]	# Manage flagspaces	fsr newname	rename selected flagspace
ft [?ln] ([k] [v ...])	# Grep flag names using glob expression	ft tag strcpy strlen ...	set words for the 'string' tag
ft [?ln] ([k] [v ...])	# Grep flag names using glob expression	ft tag	get offsets of all matching flags
ft [?ln] ([k] [v ...])	# Grep flag names using glob expression	ft	list all tags
ft [?ln] ([k] [v ...])	# Grep flag names using glob expression	ftn tag	get matching flagnames fot given tag
ft [?ln] ([k] [v ...])	# Grep flag names using glob expression	ftw	flag tags within this file
ft [?ln] ([k] [v ...])	# Grep flag names using glob expression	ftj	list all flagtags in JSON format
ft [?ln] ([k] [v ...])	# Grep flag names using glob expression	ft*	list all flagtags in r2 commands
f [?|-name| name] [@addr]	# Manage flagzones	fz math	add new flagzone named 'math'
f [?|-name| name] [@addr]	# Manage flagzones	fz-math	remove the math flagzone
f [?|-name| name] [@addr]	# Manage flagzones	fz-*	remove all flagzones
f [?|-name| name] [@addr]	# Manage flagzones	fz.	show around flagzone context
f [?|-name| name] [@addr]	# Manage flagzones	fz:	show what's in scr.flagzone for visual
f [?|-name| name] [@addr]	# Manage flagzones	fz*	dump into r2 commands, for projects
g[wcilper] [arg]	Go compile shellcodes using asm.arch/bits/os shc    exec : execute cmd=/bin/sh suid=false enc     xor : xor encoder for shellcode	g	compile the shellcode
g[wcilper] [arg]	Go compile shellcodes using asm.arch/bits/os shc    exec : execute cmd=/bin/sh suid=false enc     xor : xor encoder for shellcode	g foo.r	compile r_egg source file
g[wcilper] [arg]	Go compile shellcodes using asm.arch/bits/os shc    exec : execute cmd=/bin/sh suid=false enc     xor : xor encoder for shellcode	gc cmd=/bin/ls	set config option for shellcodes and encoders
g[wcilper] [arg]	Go compile shellcodes using asm.arch/bits/os shc    exec : execute cmd=/bin/sh suid=false enc     xor : xor encoder for shellcode	gc	list all config options
g[wcilper] [arg]	Go compile shellcodes using asm.arch/bits/os shc    exec : execute cmd=/bin/sh suid=false enc     xor : xor encoder for shellcode	ge [encoder] [key]	specify an encoder and a key
g[wcilper] [arg]	Go compile shellcodes using asm.arch/bits/os shc    exec : execute cmd=/bin/sh suid=false enc     xor : xor encoder for shellcode	git [...]	your favourite version control
g[wcilper] [arg]	Go compile shellcodes using asm.arch/bits/os shc    exec : execute cmd=/bin/sh suid=false enc     xor : xor encoder for shellcode	gi [type]	define the shellcode type
g[wcilper] [arg]	Go compile shellcodes using asm.arch/bits/os shc    exec : execute cmd=/bin/sh suid=false enc     xor : xor encoder for shellcode	gL[?]	list plugins (shellcodes, encoders)
g[wcilper] [arg]	Go compile shellcodes using asm.arch/bits/os shc    exec : execute cmd=/bin/sh suid=false enc     xor : xor encoder for shellcode	gp padding	define padding for command
g[wcilper] [arg]	Go compile shellcodes using asm.arch/bits/os shc    exec : execute cmd=/bin/sh suid=false enc     xor : xor encoder for shellcode	gr	reset r_egg
g[wcilper] [arg]	Go compile shellcodes using asm.arch/bits/os shc    exec : execute cmd=/bin/sh suid=false enc     xor : xor encoder for shellcode	gs name args	compile syscall name(args)
g[wcilper] [arg]	Go compile shellcodes using asm.arch/bits/os shc    exec : execute cmd=/bin/sh suid=false enc     xor : xor encoder for shellcode	gS	show the current configuration
g[wcilper] [arg]	Go compile shellcodes using asm.arch/bits/os shc    exec : execute cmd=/bin/sh suid=false enc     xor : xor encoder for shellcode	gw	compile and write
i	Get info from opened file (see rabin2's manpage)	i[*jq]	show info of current file (in JSON)
i	Get info from opened file (see rabin2's manpage)	ia	list archs found in current binary (same as rabin2 -A)
i	Get info from opened file (see rabin2's manpage)	ib	reload the current buffer for setting of the bin (use once only)
i	Get info from opened file (see rabin2's manpage)	ic[?]	List classes, methods and fields (icj for json)
i	Get info from opened file (see rabin2's manpage)	iC[j]	show signature info (entitlements, ...)
i	Get info from opened file (see rabin2's manpage)	id[?]	show DWARF source lines information
i	Get info from opened file (see rabin2's manpage)	iD lang sym	demangle symbolname for given language
i	Get info from opened file (see rabin2's manpage)	ie[?]e	ie=entrypoint, iee=constructors+destructors
i	Get info from opened file (see rabin2's manpage)	iE[?]	exports (global symbols)
i	Get info from opened file (see rabin2's manpage)	ig[?][h]	guess size of binary program (igh use human units instead of number of bytes)
i	Get info from opened file (see rabin2's manpage)	ih[?]	show binary headers (see iH)
i	Get info from opened file (see rabin2's manpage)	iH[?]	show binary headers fields
i	Get info from opened file (see rabin2's manpage)	ii[?][c,j*,]	list the symbols imported from other libraries
i	Get info from opened file (see rabin2's manpage)	iic[?][jqk*] ([type])	classify imports
i	Get info from opened file (see rabin2's manpage)	iI	binary info
i	Get info from opened file (see rabin2's manpage)	ik [query]	key-value database from RBinObject
i	Get info from opened file (see rabin2's manpage)	il	libraries
i	Get info from opened file (see rabin2's manpage)	iL [plugin]	list all RBin plugins loaded or plugin details
i	Get info from opened file (see rabin2's manpage)	im	show info about predefined memory allocation
i	Get info from opened file (see rabin2's manpage)	iM	show main address
i	Get info from opened file (see rabin2's manpage)	io [file]	load info from file (or last opened) use bin.baddr
i	Get info from opened file (see rabin2's manpage)	iO[?]	perform binary operation (dump, resize, change sections, ...)
i	Get info from opened file (see rabin2's manpage)	ir	list the relocations
i	Get info from opened file (see rabin2's manpage)	iR	list the resources
i	Get info from opened file (see rabin2's manpage)	is[?]	list the symbols
i	Get info from opened file (see rabin2's manpage)	iS[?]	list sections, segments and compute their hash
i	Get info from opened file (see rabin2's manpage)	it	file hashes
i	Get info from opened file (see rabin2's manpage)	iT	file signature
i	Get info from opened file (see rabin2's manpage)	iV	display file version info
i	Get info from opened file (see rabin2's manpage)	iw	show try/catch blocks
i	Get info from opened file (see rabin2's manpage)	iz[?]	strings in data sections (in JSON/Base64)
ic [.-+clgjsq][jq]	Display class information	ic	List classes, methods and fields (icj for json)
ic [.-+clgjsq][jq]	Display class information	ic.	show class and method name in current seek
ic [.-+clgjsq][jq]	Display class information	ic-[klass.method]	delete given klass or klass.name
ic [.-+clgjsq][jq]	Display class information	ic+[klass.method]	add new symbol in current seek for a given klass and method name
ic [.-+clgjsq][jq]	Display class information	icc [lang]	List classes, methods and fields in Header Format (see bin.lang=swift,java,objc,cxx)
ic [.-+clgjsq][jq]	Display class information	icg [str]	List classes hirearchy graph with agn/age (match str if provided)
ic [.-+clgjsq][jq]	Display class information	icq	List classes, in quiet mode (just the classname)
ic [.-+clgjsq][jq]	Display class information	icqq	List classes, in quieter mode (only show non-system classnames)
ic [.-+clgjsq][jq]	Display class information	icl[c]	Show addresses of class and it methods, without names (iclc = class count)
ic [.-+clgjsq][jq]	Display class information	ics	Show class symbols in an easy to parse format
idp	Debug information	id	show DWARF source lines information
idp	Debug information	idp [file.pdb]	load pdb file information
idp	Debug information	idpi [file.pdb]	show pdb file information
idp	Debug information	idpi*	show symbols from pdb as flags (prefix with dot to import)
idp	Debug information	idpd	download pdb file on remote server
idp	Debug information	idx	display source files used via dwarf (previously known as iX)
idp	Debug information	ie[?]e	ie=entrypoint, iee=constructors+destructors
iE [][jq*]	List exported symbols	iE	exports (global symbols)
iE [][jq*]	List exported symbols	iE,[table-query]	exported symbols using the table query
iE [][jq*]	List exported symbols	iE.	show export in current address
iE [][jq*]	List exported symbols	ig[?][h]	guess size of binary program (igh use human units instead of number of bytes)
ih [*jq]	Display header information	ih	normal output to display binary headers
ih [*jq]	Display header information	ih*	normal output to display binary headers , but in r2 commands
ih [*jq]	Display header information	ihj	in json format
ih [*jq]	Display header information	iH[?]	show binary headers fields
ih [*jq]	Display header information	ii[?][c,j*,]	list the symbols imported from other libraries
ih [*jq]	Display header information	iic[?][jqk*] ([type])	classify imports
iic [jkq*]	info import classes	iic [symname]	show all imports matching a class
iic [jkq*]	info import classes	iic	list imports grouped by class
iic [jkq*]	info import classes	iic.	show classes associated with the import in the current address
iic [jkq*]	info import classes	iicc [type]	show kind of given symbol name
iic [jkq*]	info import classes	iiccx [type]	show functions calling the imports of this class
iic [jkq*]	info import classes	iicj	list grouped imports in json
iic [jkq*]	info import classes	iick	group imports by class, listed in key/value format
iic [jkq*]	info import classes	iic [symname]	show all imports matching a class
iic [jkq*]	info import classes	iic	list imports grouped by class
iic [jkq*]	info import classes	iic.	show classes associated with the import in the current address
iic [jkq*]	info import classes	iicc [type]	show kind of given symbol name
iic [jkq*]	info import classes	iiccx [type]	show functions calling the imports of this class
iic [jkq*]	info import classes	iicj	list grouped imports in json
iic [jkq*]	info import classes	iick	group imports by class, listed in key/value format
iic [jkq*]	info import classes	iO[?]	perform binary operation (dump, resize, change sections, ...)
is [*hjq]	List symbols from current selected binary	is,[table-query]	list symbols in table using given expression
is [*hjq]	List symbols from current selected binary	is.	current symbol
is [*hjq]	List symbols from current selected binary	is*	current symbol , but in r2 commands
is [*hjq]	List symbols from current selected binary	isj	in json format
iS [][jq*]	List sections and segments	iS [sha1,crc32(,..)]	sections (see Lh to list the hash algorithms supported)
iS [][jq*]	List sections and segments	iS.	current section
iS [][jq*]	List sections and segments	iS,[table-query]	list sections in table using given expression
iS [][jq*]	List sections and segments	iS=	show ascii-art color bars with the section ranges
iS [][jq*]	List sections and segments	iSS	list memory segments (maps with om)
iz [][jq*]	List strings	iz	strings in data sections (in JSON/Base64)
iz [][jq*]	List strings	iz- [addr]	purge string via bin.str.purge
iz [][jq*]	List strings	iz*	print flags and comments r2 commands for all the strings
iz [][jq*]	List strings	izz	search for Strings in the whole binary
iz [][jq*]	List strings	izz*	same as iz* but exposing the strings of the whole binary
iz [][jq*]	List strings	izzz	dump Strings from whole binary to r2 shell (for huge files)
k[s] [key[=value]]	Sdb Query	k anal/**	list namespaces under anal
k[s] [key[=value]]	Sdb Query	k anal/meta/*	list kv from anal > meta namespaces
k[s] [key[=value]]	Sdb Query	k anal/meta/meta.0x80404	get value for meta.0x80404 key
k[s] [key[=value]]	Sdb Query	k foo	show value
k[s] [key[=value]]	Sdb Query	k foo=bar	set value
k[s] [key[=value]]	Sdb Query	k	list keys
k[s] [key[=value]]	Sdb Query	kd [file.sdb] [ns]	dump namespace to disk
k[s] [key[=value]]	Sdb Query	kj	List all namespaces and sdb databases in JSON format
k[s] [key[=value]]	Sdb Query	ko [file.sdb] [ns]	open file into namespace
k[s] [key[=value]]	Sdb Query	ks [ns]	enter the sdb query shell
l[erls] [arg]	Internal less (~..) and file listing (!ls)	lu [path]	same as #!lua
l[erls] [arg]	Internal less (~..) and file listing (!ls)	ll [path]	same as ls -l
l[erls] [arg]	Internal less (~..) and file listing (!ls)	lr [path]	same as ls -r
l[erls] [arg]	Internal less (~..) and file listing (!ls)	li	list source of current function (like gdb's 'list' command)
l[erls] [arg]	Internal less (~..) and file listing (!ls)	ls [-e,-l,-j,-q] [path]	list files in current or given directory
l[erls] [arg]	Internal less (~..) and file listing (!ls)	ls -e [path]	list files using emojis
l[erls] [arg]	Internal less (~..) and file listing (!ls)	ls -l [path]	same as ll (list files with details)
l[erls] [arg]	Internal less (~..) and file listing (!ls)	ls -j [path]	list files in json format
l[erls] [arg]	Internal less (~..) and file listing (!ls)	ls -q [path]	quiet output (one file per line)
l[erls] [arg]	Internal less (~..) and file listing (!ls)	le[ss] [path]	same as cat file~.. (or less)
L[acio]	[-name][ file]	L	show this help
L[acio]	[-name][ file]	L blah.dylib	load plugin file
L[acio]	[-name][ file]	L-duk	unload core plugin by name
L[acio]	[-name][ file]	La[qj]	list arch plugins
L[acio]	[-name][ file]	LA[qj]	list analysis plugins
L[acio]	[-name][ file]	Lb[qj]	list bin plugins
L[acio]	[-name][ file]	Lc[j]	list core plugins
L[acio]	[-name][ file]	Ld[j]	list debug plugins (dL)
L[acio]	[-name][ file]	LD[j]	list supported decompilers (e cmd.pdc=?)
L[acio]	[-name][ file]	Le[j]	list esil plugins
L[acio]	[-name][ file]	Lg[j]	list egg plugins
L[acio]	[-name][ file]	Lh	list hash plugins (ph)
L[acio]	[-name][ file]	Li[j]	list bin plugins (iL)
L[acio]	[-name][ file]	Ll[qj]	list lang plugins (#!)
L[acio]	[-name][ file]	LL	lock screen
L[acio]	[-name][ file]	Lm[j]	list fs plugins (mL)
L[acio]	[-name][ file]	Lo[j]	list io plugins (oL)
L[acio]	[-name][ file]	Lp[j]	list parser plugins (e asm.parser=?)
L[acio]	[-name][ file]	Ls[qj]	list assembler plugins
L[acio]	[-name][ file]	Lt[j]	list color themes (eco)
m[-?*dgy] [...]	Mountpoints management	m /mnt ext2 0	mount ext2 fs at /mnt with delta 0 on IO
m[-?*dgy] [...]	Mountpoints management	m /mnt	mount fs at /mnt with autodetect fs and current offset
m[-?*dgy] [...]	Mountpoints management	m	list all mountpoints in human readable format
m[-?*dgy] [...]	Mountpoints management	m*	list all mountpoints in human readable format , but in r2 commands
m[-?*dgy] [...]	Mountpoints management	m-/	umount given path (/)
m[-?*dgy] [...]	Mountpoints management	mL[Lj]	list filesystem plugins (Same as Lm), mLL shows only fs plugin names
m[-?*dgy] [...]	Mountpoints management	mc [file]	cat: Show the contents of the given file
m[-?*dgy] [...]	Mountpoints management	md /	list files and directory on the virtual r2's fs
m[-?*dgy] [...]	Mountpoints management	mdd /	show file size like `ls -l` in ms
m[-?*dgy] [...]	Mountpoints management	mdq /	show just the file name (quiet)
m[-?*dgy] [...]	Mountpoints management	mf[?] [o|n]	search files for given filename or for offset
m[-?*dgy] [...]	Mountpoints management	mg /foo [offset size]	get fs file/dir and dump to disk (support base64:)
m[-?*dgy] [...]	Mountpoints management	mi /foo/bar	get offset and size of given file
m[-?*dgy] [...]	Mountpoints management	mj	list mounted filesystems in JSON
m[-?*dgy] [...]	Mountpoints management	mo /foo/bar	open given file into a malloc://
m[-?*dgy] [...]	Mountpoints management	mp msdos 0	show partitions in msdos format at offset 0
m[-?*dgy] [...]	Mountpoints management	mp	list all supported partition types
m[-?*dgy] [...]	Mountpoints management	ms /mnt	open filesystem shell at /mnt (or fs.cwd if not defined)
m[-?*dgy] [...]	Mountpoints management	mw [file] [data]	write data into file
m[-?*dgy] [...]	Mountpoints management	mwf [diskfile] [r2filepath]	write contents of local diskfile into r2fs mounted path
m[-?*dgy] [...]	Mountpoints management	my	yank contents of file into clipboard
m[-?*dgy] [...]	Mountpoints management	mal	list available r2 docs
m[-?*dgy] [...]	Mountpoints management	man [page]	man=manpage reading (see mal)
mf[no] [...]	search files matching name or offset	mfn /foo *.c	search files by name in /foo path
mf[no] [...]	search files matching name or offset	mfo /foo 0x5e91	search files by offset in /foo path
o [file] ([offset])	Open and close files, maps, and banks	o	list opened files
o [file] ([offset])	Open and close files, maps, and banks	o [file] 0x4000 rwx	map file at 0x4000
o [file] ([offset])	Open and close files, maps, and banks	o [file]	open [file] file in read-only
o [file] ([offset])	Open and close files, maps, and banks	o-1	close file descriptor 1
o [file] ([offset])	Open and close files, maps, and banks	o*[*]	list opened files in r2 commands, show r2 script to set flag for each fd
o [file] ([offset])	Open and close files, maps, and banks	o+ [file]	open a file in read-write mode
o [file] ([offset])	Open and close files, maps, and banks	o++ [file]	create and open file in read-write mode (see ot and omr)
o [file] ([offset])	Open and close files, maps, and banks	o-[?][#!*$.]	close opened files
o [file] ([offset])	Open and close files, maps, and banks	o.	show current filename (or o.q/oq to get the fd)
o [file] ([offset])	Open and close files, maps, and banks	o: [len]	open a malloc://[len] copying the bytes from current offset
o [file] ([offset])	Open and close files, maps, and banks	o=(#fd)	select fd or list opened files in ascii-art
o [file] ([offset])	Open and close files, maps, and banks	oL	list all IO plugins registered
o [file] ([offset])	Open and close files, maps, and banks	oa[-] [A] [B] [filename]	specify arch and bits for given file
o [file] ([offset])	Open and close files, maps, and banks	ob[?] [lbdos] [...]	list opened binary files backed by fd
o [file] ([offset])	Open and close files, maps, and banks	oc [file]	open core file, like relaunching r2
o [file] ([offset])	Open and close files, maps, and banks	of[?] [file]	open file without creating any map
o [file] ([offset])	Open and close files, maps, and banks	oe [filename]	open cfg.editor with given file
o [file] ([offset])	Open and close files, maps, and banks	oj	list opened files in JSON format
o [file] ([offset])	Open and close files, maps, and banks	om[?]	create, list, remove IO maps
o [file] ([offset])	Open and close files, maps, and banks	on[?][n] [file] 0x4000	map raw file at 0x4000 (no r_bin involved)
o [file] ([offset])	Open and close files, maps, and banks	oo[?][+bcdnm]	reopen current file (see oo?) (reload in rw or debugger)
o [file] ([offset])	Open and close files, maps, and banks	op[npr] [fd]	select priorized file by fd (see ob), opn/opp/opr = next/previous/rotate
o [file] ([offset])	Open and close files, maps, and banks	ot [file]	same as `touch [file]`
o [file] ([offset])	Open and close files, maps, and banks	oq[q]	list all open files or show current fd 'oqq'
o [file] ([offset])	Open and close files, maps, and banks	ox fd fdx	exchange the descs of fd and fdx and keep the mapping
o [file] ([offset])	Open and close files, maps, and banks	open [file]	use system xdg-open/open on a file
o-[#!*$.-]	close opened files	o-*	close all opened files
o-[#!*$.-]	close opened files	o-!	close all files except the current one
o-[#!*$.-]	close opened files	o-3	close fd=3
o-[#!*$.-]	close opened files	o-$	close last fd
o-[#!*$.-]	close opened files	o-.	close current fd
o-[#!*$.-]	close opened files	o--	close all files, analysis, binfiles, flags, same as !r2 --
ob	List open binary files backed by fd	ob [name|bfid]	switch to open given objid (or name)
ob	List open binary files backed by fd	ob	list opened binary files and objid
ob	List open binary files backed by fd	ob*	list opened binary files and objid (r2 commands)
ob	List open binary files backed by fd	ob *	select all bins (use 'ob bfid' to pick one)
ob	List open binary files backed by fd	obi?[..]	alias for 'i'
ob	List open binary files backed by fd	obio	Load bin info from the io plugin forcing the use of bin.io
ob	List open binary files backed by fd	obm([id])	merge current selected binfile into previous binfile (id-1)
ob	List open binary files backed by fd	obm-([id])	same as obm, but deletes the current binfile
ob	List open binary files backed by fd	ob-*	delete all binfiles
ob	List open binary files backed by fd	ob-[objid]	delete binfile by binobjid
ob	List open binary files backed by fd	ob--	delete the last binfile
ob	List open binary files backed by fd	ob. ([addr])	show bfid at current address
ob	List open binary files backed by fd	ob=	show ascii art table having the list of open files
ob	List open binary files backed by fd	obL	same as iL or Li
ob	List open binary files backed by fd	oba [addr] [baddr]	open file and load bin info at given address
ob	List open binary files backed by fd	oba [addr] [filename]	open file and load bin info at given address
ob	List open binary files backed by fd	oba [addr]	open bin info from the given address
ob	List open binary files backed by fd	obf ([file])	load bininfo for current file (useful for r2 -n)
ob	List open binary files backed by fd	obj	list opened binary files and objid (JSON format)
ob	List open binary files backed by fd	obo [fd]	switch to open binfile by fd number
ob	List open binary files backed by fd	obr [baddr]	rebase current bin object
ob	List open binary files backed by fd	of[?] [file]	open file without creating any map
om [arg]	Map opened files	om [fd]	list all defined IO maps for a specific fd
om [arg]	Map opened files	om fd vaddr [size] [paddr] [rwx] [name]	create new io map
om [arg]	Map opened files	om	list all defined IO maps
om [arg]	Map opened files	om*	list all maps in r2 commands format
om [arg]	Map opened files	om-mapid	remove the map with corresponding id
om [arg]	Map opened files	om-*	remove all maps
om [arg]	Map opened files	om-..	hud view of all the maps to select the one to remove
om [arg]	Map opened files	om.	show map, that is mapped to current offset
om [arg]	Map opened files	om, [query]	list maps using table api
om [arg]	Map opened files	om=	list all maps in ascii art
om [arg]	Map opened files	oma [fd]	create a map covering all VA for given fd
om [arg]	Map opened files	omb[?]	list/select memory map banks
om [arg]	Map opened files	omB mapid addr	relocate map with corresponding id
om [arg]	Map opened files	omB. addr	relocate current map
om [arg]	Map opened files	omd from to @ paddr	simplified om; takes current seek, fd and perms
om [arg]	Map opened files	omf [mapid] rwx	change flags/perms for current/given map
om [arg]	Map opened files	omfg[+-]rwx	change flags/perms for all maps (global)
om [arg]	Map opened files	omj	list all maps in json format
om [arg]	Map opened files	omm [fd]	create default map for given fd (omm `oq`)
om [arg]	Map opened files	omn[?] ([fd]) [name]	manage map names
om [arg]	Map opened files	omo fd	map the given fd with lowest priority
om [arg]	Map opened files	omp mapid	prioritize map with corresponding id
om [arg]	Map opened files	ompb [fd]	prioritize maps of the bin associated with the binid
om [arg]	Map opened files	ompd mapid	deprioritize map with corresponding id
om [arg]	Map opened files	ompf [fd]	prioritize map by fd
om [arg]	Map opened files	omq	list all maps and their fds
om [arg]	Map opened files	omqq	list all maps addresses (See $MM to get the size)
om [arg]	Map opened files	omr [mapid newsize]	resize map with corresponding id
om [arg]	Map opened files	omt mapid	toggle map backwards tying (same as omtb)
om [arg]	Map opened files	omtb mapid	toggle map backwards tying
om [arg]	Map opened files	omtf mapid	toggle map forwards tying
omb[+-adgq] [fd]	Operate on memory banks	omb	list all memory banks
omb[+-adgq] [fd]	Operate on memory banks	omb [id]	switch to use a different bank
omb[+-adgq] [fd]	Operate on memory banks	omb=[name]	same as 'omb id' but using its name
omb[+-adgq] [fd]	Operate on memory banks	omb+ [name]	create a new bank with given name
omb[+-adgq] [fd]	Operate on memory banks	omba [id]	adds a map to the bank
omb[+-adgq] [fd]	Operate on memory banks	ombd [id]	delete a map from the bank
omb[+-adgq] [fd]	Operate on memory banks	omb-*	delete all banks
omb[+-adgq] [fd]	Operate on memory banks	omb- [mapid]	delete the bank with given id
omb[+-adgq] [fd]	Operate on memory banks	ombg	associate all maps to the current bank
omb[+-adgq] [fd]	Operate on memory banks	ombq	show current bankid
omn[.i] ([addr]) [name]	Define a name for the given map	omn mapaddr [name]	set/delete name for map which spans mapaddr
omn[.i] ([addr]) [name]	Define a name for the given map	omn.([-|name])	show/set/delete name for current map
omn[.i] ([addr]) [name]	Define a name for the given map	omni mapid [name]	set/delete name for map with mapid
on[n+*] [file] ([addr] [rwx])	Open file without parsing headers	on /bin/ls 0x4000	map raw file at 0x4000 (no r_bin involved)
on[n+*] [file] ([addr] [rwx])	Open file without parsing headers	onn [file] ([rwx])	open file without creating any map or parsing headers with rbin)
on[n+*] [file] ([addr] [rwx])	Open file without parsing headers	onnu [file] ([rwx])	same as onn, but unique, will return previos fd if already opened
on[n+*] [file] ([addr] [rwx])	Open file without parsing headers	on+ [file] ([rwx])	open file in rw mode without parsing headers
on[n+*] [file] ([addr] [rwx])	Open file without parsing headers	on*	list open files as r2 commands
oo [arg]	Map opened files	oo	reopen current file
oo [arg]	Map opened files	oo+	reopen in read-write
oo [arg]	Map opened files	oob [baddr]	reopen loading rbin info (change base address?)
oo [arg]	Map opened files	ooi	reopen bin info without reloading the file
oo [arg]	Map opened files	ooc	reopen core with current file
oo [arg]	Map opened files	ood[?]	reopen in debug mode
oo [arg]	Map opened files	oom[?]	reopen in malloc://
oo [arg]	Map opened files	oon	reopen without loading rbin info
oo [arg]	Map opened files	oon+	reopen in read-write mode without loading rbin info
oo [arg]	Map opened files	oonn	reopen without loading rbin info, but with header flags
oo [arg]	Map opened files	oonn+	reopen in read-write mode without loading rbin info, but with
ood	Debug (re)open commands	ood [args]	reopen in debug mode (with args)
ood	Debug (re)open commands	oodf [file]	reopen in debug mode using the given file
ood	Debug (re)open commands	oodr [rarun2]	same as dor ..;ood
p[=68abcdDfiImrstuxz] [arg|len] [@addr]		p[b|B|xb] [len] ([S])	bindump N bits skipping S bytes
p[=68abcdDfiImrstuxz] [arg|len] [@addr]		p[iI][df] [len]	print N ops/bytes (f=func) (see pi? and pdi)
p[=68abcdDfiImrstuxz] [arg|len] [@addr]		p[kK] [len]	print key in randomart (K is for mosaic)
p[=68abcdDfiImrstuxz] [arg|len] [@addr]		p-[?][jh] [mode]	bar|json|histogram blocks (mode: e?search.in)
p[=68abcdDfiImrstuxz] [arg|len] [@addr]		p2 [len]	8x8 2bpp-tiles
p[=68abcdDfiImrstuxz] [arg|len] [@addr]		p3 [file]	print 3D stereogram image of current block
p[=68abcdDfiImrstuxz] [arg|len] [@addr]		p6[de] [len]	base64 decode/encode
p[=68abcdDfiImrstuxz] [arg|len] [@addr]		p8[?][dfjx] [len]	8bit hexpair list of bytes
p[=68abcdDfiImrstuxz] [arg|len] [@addr]		p=[?][bep] [N] [L] [b]	show entropy/printable chars/chars bars
p[=68abcdDfiImrstuxz] [arg|len] [@addr]		pa[?][edD] [arg]	pa:assemble pa[dD]:disasm or pae: esil from hex
p[=68abcdDfiImrstuxz] [arg|len] [@addr]		pA[n_ops]	show n_ops address and type
p[=68abcdDfiImrstuxz] [arg|len] [@addr]		pb[?] [n]	bitstream of N bits
p[=68abcdDfiImrstuxz] [arg|len] [@addr]		pB[?] [n]	bitstream of N bytes
p[=68abcdDfiImrstuxz] [arg|len] [@addr]		pc[?][p] [len]	output C (or python) format
p[=68abcdDfiImrstuxz] [arg|len] [@addr]		pC[aAcdDxw] [rows]	print disassembly in columns (see hex.cols and pdi)
p[=68abcdDfiImrstuxz] [arg|len] [@addr]		pd[?] [sz] [a] [b]	disassemble N opcodes (pd) or N bytes (pD)
p[=68abcdDfiImrstuxz] [arg|len] [@addr]		pf[?][.name] [fmt]	print formatted data (pf.name, pf.name $<expr>)
p[=68abcdDfiImrstuxz] [arg|len] [@addr]		pF[?][apx]	print asn1, pkcs7 or x509
p[=68abcdDfiImrstuxz] [arg|len] [@addr]		pg[?][x y w h] [cmd]	create new visual gadget or print it (see pg? for details)
p[=68abcdDfiImrstuxz] [arg|len] [@addr]		ph[?][=|hash] ([len])	calculate hash for a block
p[=68abcdDfiImrstuxz] [arg|len] [@addr]		pi[?][bdefrj] [num]	print instructions
p[=68abcdDfiImrstuxz] [arg|len] [@addr]		pI[?][iI][df] [len]	print N instructions/bytes (f=func)
p[=68abcdDfiImrstuxz] [arg|len] [@addr]		pj[?] [len]	print as indented JSON
p[=68abcdDfiImrstuxz] [arg|len] [@addr]		pk [len]	print key in randomart mosaic
p[=68abcdDfiImrstuxz] [arg|len] [@addr]		pK [len]	print key in randomart mosaic
p[=68abcdDfiImrstuxz] [arg|len] [@addr]		pl[?][format] [arg]	print list of data (pl Ffvc)
p[=68abcdDfiImrstuxz] [arg|len] [@addr]		pm[?] [magic]	print libmagic data (see pm? and /m?)
p[=68abcdDfiImrstuxz] [arg|len] [@addr]		po[?] hex	print operation applied to block (see po?)
p[=68abcdDfiImrstuxz] [arg|len] [@addr]		pp[?][sz] [len]	print patterns, see pp? for more help
p[=68abcdDfiImrstuxz] [arg|len] [@addr]		pq[?][is] [len]	print QR code with the first Nbytes
p[=68abcdDfiImrstuxz] [arg|len] [@addr]		pr[?][glx] [len]	print N raw bytes (in lines or hexblocks, 'g'unzip)
p[=68abcdDfiImrstuxz] [arg|len] [@addr]		ps[?][pwz] [len]	print pascal/wide/zero-terminated strings
p[=68abcdDfiImrstuxz] [arg|len] [@addr]		pt[?][dn] [len]	print different timestamps
p[=68abcdDfiImrstuxz] [arg|len] [@addr]		pu[w] [len]	print N url encoded bytes (w=wide)
p[=68abcdDfiImrstuxz] [arg|len] [@addr]		pv[?][ejh] [mode]	show value of given size (1, 2, 4, 8)
p[=68abcdDfiImrstuxz] [arg|len] [@addr]		pwd	display current working directory
p[=68abcdDfiImrstuxz] [arg|len] [@addr]		px[?][owq] [len]	hexdump of N bytes (o=octal, w=32bit, q=64bit)
p[=68abcdDfiImrstuxz] [arg|len] [@addr]		py([-:file]) [expr]	print clipboard (yp) run python script (py:file) oneliner `py print(1)` or stdin slurp `py-`
p[=68abcdDfiImrstuxz] [arg|len] [@addr]		pz[?] [len]	print zoom view (see pz? for help)
p[=68abcdDfiImrstuxz] [arg|len] [@addr]		pkill [process-name]	kill all processes with the given name
p[=68abcdDfiImrstuxz] [arg|len] [@addr]		pushd [dir]	cd to dir and push current directory to stack
p[=68abcdDfiImrstuxz] [arg|len] [@addr]		popd[-a][-h]	pop dir off top of stack and cd to it
p-[hej] [nblocks]	bar|json|histogram blocks	p- [nblocks]	show ascii-art bar of metadata in file boundaries
p-[hej] [nblocks]	bar|json|histogram blocks	p-e [nblocks]	show ascii-art bar of entropy per block
p-[hej] [nblocks]	bar|json|histogram blocks	p-h [nblocks]	show histogram analysis of metadata per block
p-[hej] [nblocks]	bar|json|histogram blocks	p-j [nblocks]	show json format
p8[*fjx]	[len]	p8 ([len])	print hexpairs string
p8[*fjx]	[len]	p8*	display r2 commands to write this block
p8[*fjx]	[len]	p8d	space separated list of byte values in decimal
p8[*fjx]	[len]	p8f	print hexpairs of function (linear)
p8[*fjx]	[len]	p8j	print hexpairs in JSON array
p8[*fjx]	[len]	p8x	print hexpairs honoring hex.cols
p=[=bep?][qj] [N] ([len]) ([offset])	show entropy/printable chars/chars bars	e zoom.in	specify range for zoom
p=[=bep?][qj] [N] ([len]) ([offset])	show entropy/printable chars/chars bars	p=	print bytes of current block in bars
p=[=bep?][qj] [N] ([len]) ([offset])	show entropy/printable chars/chars bars	p==[..]	same subcommands as p=, using column bars instead of rows
p=[=bep?][qj] [N] ([len]) ([offset])	show entropy/printable chars/chars bars	p=0	number of 0x00 bytes for each filesize/blocksize
p=[=bep?][qj] [N] ([len]) ([offset])	show entropy/printable chars/chars bars	p=2	short (signed int16) bars, good for waves
p=[=bep?][qj] [N] ([len]) ([offset])	show entropy/printable chars/chars bars	p=a	analysis bbs maps
p=[=bep?][qj] [N] ([len]) ([offset])	show entropy/printable chars/chars bars	p=A	analysis stats maps (see p-)
p=[=bep?][qj] [N] ([len]) ([offset])	show entropy/printable chars/chars bars	p=b	analysis stats maps (see p-) 
p=[=bep?][qj] [N] ([len]) ([offset])	show entropy/printable chars/chars bars	p=c	number of calls per block
p=[=bep?][qj] [N] ([len]) ([offset])	show entropy/printable chars/chars bars	p=d	min/max/number of unique bytes in block
p=[=bep?][qj] [N] ([len]) ([offset])	show entropy/printable chars/chars bars	p=e	entropy for each filesize/blocksize
p=[=bep?][qj] [N] ([len]) ([offset])	show entropy/printable chars/chars bars	p=F	number of 0xFF bytes for each filesize/blocksize
p=[=bep?][qj] [N] ([len]) ([offset])	show entropy/printable chars/chars bars	p=i	number of invalid instructions per block
p=[=bep?][qj] [N] ([len]) ([offset])	show entropy/printable chars/chars bars	p=j	number of jumps and conditional jumps in block
p=[=bep?][qj] [N] ([len]) ([offset])	show entropy/printable chars/chars bars	p=m	number of flags and marks in block
p=[=bep?][qj] [N] ([len]) ([offset])	show entropy/printable chars/chars bars	p=p	number of printable bytes for each filesize/blocksize
p=[=bep?][qj] [N] ([len]) ([offset])	show entropy/printable chars/chars bars	p=s	number of syscall and privileged instructions
p=[=bep?][qj] [N] ([len]) ([offset])	show entropy/printable chars/chars bars	p=z	number of chars in strings in block
pa[edD] [asm|hex]	Print (dis)assembly	pa [assembly]	print hexpairs of the given assembly expression
pa[edD] [asm|hex]	Print (dis)assembly	paD [hexpairs]	print assembly expression from hexpairs and show hexpairs
pa[edD] [asm|hex]	Print (dis)assembly	pad [hexpairs]	print assembly expression from hexpairs (alias for pdx, pix)
pa[edD] [asm|hex]	Print (dis)assembly	pade [hexpairs]	print ESIL expression from hexpairs
pa[edD] [asm|hex]	Print (dis)assembly	pae [assembly]	print ESIL expression of the given assembly expression
pa[edD] [asm|hex]	Print (dis)assembly	pb[?] [n]	bitstream of N bits
pa[edD] [asm|hex]	Print (dis)assembly	pB[?] [n]	bitstream of N bytes
pc	# Print in code	pc	C
pc	# Print in code	pc*	print 'wx' r2 commands
pc	# Print in code	pcA	.bytes with instructions in comments
pc	# Print in code	pca	GAS .byte blob
pc	# Print in code	pcc	C char * multiline string
pc	# Print in code	pcd	C dwords (8 byte)
pc	# Print in code	pch	C half-words (2 byte)
pc	# Print in code	pci	C array of bytes with instructions
pc	# Print in code	pcJ	javascript
pc	# Print in code	pcj	json
pc	# Print in code	pck	kotlin
pc	# Print in code	pco	Objective-C
pc	# Print in code	pcp	python
pc	# Print in code	pcq	quiet C (include-friendly)
pc	# Print in code	pcr	rust
pc	# Print in code	pcg	Golang
pc	# Print in code	pcS	shellscript that reconstructs the bin
pc	# Print in code	pcs	string
pc	# Print in code	pcn	space separated list of numbers
pc	# Print in code	pcv	JaVa
pc	# Print in code	pcV	V (vlang.io)
pc	# Print in code	pcw	C words (4 byte)
pc	# Print in code	pcy	yara
pc	# Print in code	pcY	quiet yara
pc	# Print in code	pcz	Swift
p[dD][ajbrfils] [[-]len]	# Print N bytes/instructions bw/forward	NOTE: len	parameter can be negative
p[dD][ajbrfils] [[-]len]	# Print N bytes/instructions bw/forward	NOTE:	Pressing ENTER on empty command will repeat last print command in next page
p[dD][ajbrfils] [[-]len]	# Print N bytes/instructions bw/forward	pD N	disassemble N bytes
p[dD][ajbrfils] [[-]len]	# Print N bytes/instructions bw/forward	pd -N	disassemble N instructions backwards
p[dD][ajbrfils] [[-]len]	# Print N bytes/instructions bw/forward	pd N	disassemble N instructions
p[dD][ajbrfils] [[-]len]	# Print N bytes/instructions bw/forward	pd-- N	context disassembly of N instructions
p[dD][ajbrfils] [[-]len]	# Print N bytes/instructions bw/forward	pda	disassemble all possible opcodes (byte per byte)
p[dD][ajbrfils] [[-]len]	# Print N bytes/instructions bw/forward	pdaj	disassemble all possible opcodes (byte per byte) in JSON
p[dD][ajbrfils] [[-]len]	# Print N bytes/instructions bw/forward	pdb[j]	disassemble basic block (j for JSON)
p[dD][ajbrfils] [[-]len]	# Print N bytes/instructions bw/forward	pdc[?][c]	pseudo disassembler output in C-like syntax
p[dD][ajbrfils] [[-]len]	# Print N bytes/instructions bw/forward	pdC	show comments found in N instructions
p[dD][ajbrfils] [[-]len]	# Print N bytes/instructions bw/forward	pde[q|qq|j] N	disassemble N instructions following execution flow from current PC
p[dD][ajbrfils] [[-]len]	# Print N bytes/instructions bw/forward	pdo N	convert esil expressions of N instructions to C (pdO for bytes)
p[dD][ajbrfils] [[-]len]	# Print N bytes/instructions bw/forward	pdf[?]	disassemble function
p[dD][ajbrfils] [[-]len]	# Print N bytes/instructions bw/forward	pdi	like 'pi', with offset and bytes
p[dD][ajbrfils] [[-]len]	# Print N bytes/instructions bw/forward	pdj	disassemble to json
p[dD][ajbrfils] [[-]len]	# Print N bytes/instructions bw/forward	pdJ	formatted disassembly like pd as json
p[dD][ajbrfils] [[-]len]	# Print N bytes/instructions bw/forward	pdk[?]	disassemble all methods of a class
p[dD][ajbrfils] [[-]len]	# Print N bytes/instructions bw/forward	pdl	show instruction sizes
p[dD][ajbrfils] [[-]len]	# Print N bytes/instructions bw/forward	pdp	disassemble by following pointers to read ropchains
p[dD][ajbrfils] [[-]len]	# Print N bytes/instructions bw/forward	pdr	recursive disassemble across the function graph
p[dD][ajbrfils] [[-]len]	# Print N bytes/instructions bw/forward	pdr.	recursive disassemble across the function graph (from current basic block)
p[dD][ajbrfils] [[-]len]	# Print N bytes/instructions bw/forward	pdR	recursive disassemble block size bytes without analyzing functions
p[dD][ajbrfils] [[-]len]	# Print N bytes/instructions bw/forward	pds[?]	print disasm summary, showing referenced names
p[dD][ajbrfils] [[-]len]	# Print N bytes/instructions bw/forward	pdsb [N]	basic block summary
p[dD][ajbrfils] [[-]len]	# Print N bytes/instructions bw/forward	pdsf[sjq]	show function summary of strings, calls, variables, references..
p[dD][ajbrfils] [[-]len]	# Print N bytes/instructions bw/forward	pdss [N]	string summary in current function
p[dD][ajbrfils] [[-]len]	# Print N bytes/instructions bw/forward	pdu[aceios?]	disassemble instructions until condition
p[dD][ajbrfils] [[-]len]	# Print N bytes/instructions bw/forward	pd, [n] [query]	disassemble N instructions in a table (see dtd for debug traces)
p[dD][ajbrfils] [[-]len]	# Print N bytes/instructions bw/forward	pdx [hex]	alias for pad or pix
pdc[oj]	experimental, unreliable and hacky pseudo-decompiler	pdc	pseudo decompile function in current offset
pdc[oj]	experimental, unreliable and hacky pseudo-decompiler	pdcc	pseudo-decompile with C helpers around
pdc[oj]	experimental, unreliable and hacky pseudo-decompiler	pdco	show associated offset next to pseudecompiled output
pdc[oj]	experimental, unreliable and hacky pseudo-decompiler	pdcj	in json format for codemeta annotations (used by frontends like iaito)
pdf[sj]	# disassemble function (needs to be analized with 'af' or so)	pdf	disassemble function in a linear way (see pdfr)
pdf[sj]	# disassemble function (needs to be analized with 'af' or so)	pdfj	disassemble function in json (see pdfJ)
pdf[sj]	# disassemble function (needs to be analized with 'af' or so)	pdfr	disassemble function recursively (alias for pdr)
pdf[sj]	# disassemble function (needs to be analized with 'af' or so)	pdfs	disassemble function summary (see also pdsf)
pdf[sj]	# disassemble function (needs to be analized with 'af' or so)	pdk[?]	disassemble all methods of a class
pdf[sj]	# disassemble function (needs to be analized with 'af' or so)	pds[?]	print disasm summary, showing referenced names
pdf[sj]	# disassemble function (needs to be analized with 'af' or so)	pdsb [N]	basic block summary
pdf[sj]	# disassemble function (needs to be analized with 'af' or so)	pdsf[sjq]	show function summary of strings, calls, variables, references..
pdf[sj]	# disassemble function (needs to be analized with 'af' or so)	pdss [N]	string summary in current function
pf[.k[.f[=v]]|[v]]|[n]|[0|cnt][fmt] [a0 a1 ...]		pf fmt	show data using the given format-string. See 'pf??' and 'pf???'.
pf[.k[.f[=v]]|[v]]|[n]|[0|cnt][fmt] [a0 a1 ...]		pf?	help on commands
pf[.k[.f[=v]]|[v]]|[n]|[0|cnt][fmt] [a0 a1 ...]		pf??	help on format characters
pf[.k[.f[=v]]|[v]]|[n]|[0|cnt][fmt] [a0 a1 ...]		pf???	show usage examples
pf[.k[.f[=v]]|[v]]|[n]|[0|cnt][fmt] [a0 a1 ...]		pf* fmt_name|fmt	show data using (named) format as r2 flag create commands
pf[.k[.f[=v]]|[v]]|[n]|[0|cnt][fmt] [a0 a1 ...]		pf.	list all format definitions
pf[.k[.f[=v]]|[v]]|[n]|[0|cnt][fmt] [a0 a1 ...]		pf.fmt_name	show data using named format
pf[.k[.f[=v]]|[v]]|[n]|[0|cnt][fmt] [a0 a1 ...]		pf.fmt_name.field_name	show specific data field using named format
pf[.k[.f[=v]]|[v]]|[n]|[0|cnt][fmt] [a0 a1 ...]		pf.fmt_name.field_name=33	set new value for the specified field in named format
pf[.k[.f[=v]]|[v]]|[n]|[0|cnt][fmt] [a0 a1 ...]		pf.fmt_name.field_name[i]	show element i of array field_name
pf[.k[.f[=v]]|[v]]|[n]|[0|cnt][fmt] [a0 a1 ...]		pf.fmt_name [0|cnt]fmt	define a new named format
pf[.k[.f[=v]]|[v]]|[n]|[0|cnt][fmt] [a0 a1 ...]		pf?fmt_name	show the definition of a named format
pf[.k[.f[=v]]|[v]]|[n]|[0|cnt][fmt] [a0 a1 ...]		pfb[?] bitfmt	print formatted bitfields
pf[.k[.f[=v]]|[v]]|[n]|[0|cnt][fmt] [a0 a1 ...]		pfc fmt_name|fmt	show data using (named) format as C string
pf[.k[.f[=v]]|[v]]|[n]|[0|cnt][fmt] [a0 a1 ...]		pfd.fmt_name	show data using named format as graphviz commands
pf[.k[.f[=v]]|[v]]|[n]|[0|cnt][fmt] [a0 a1 ...]		pfj fmt_name|fmt	show data using (named) format in JSON
pf[.k[.f[=v]]|[v]]|[n]|[0|cnt][fmt] [a0 a1 ...]		pfo fdf_name	load a Format Definition File (fdf)
pf[.k[.f[=v]]|[v]]|[n]|[0|cnt][fmt] [a0 a1 ...]		pfo	list all format definition files (fdf)
pf[.k[.f[=v]]|[v]]|[n]|[0|cnt][fmt] [a0 a1 ...]		pfq fmt ...	quiet print format (do now show address)
pf[.k[.f[=v]]|[v]]|[n]|[0|cnt][fmt] [a0 a1 ...]		pfs[.fmt_name|fmt]	print the size of (named) format in bytes
pf[.k[.f[=v]]|[v]]|[n]|[0|cnt][fmt] [a0 a1 ...]		pfv.fmt_name[.field]	print value(s) only for named format. Useful for one-liners
pfb	print formatted bitfields Examples:	pfb [fmt] [fnames]	print formatted bitfield in ascii art
pfb	print formatted bitfields Examples:	pfbc [fmt] [fnames]	same as pfb, but using C syntax
pfb	print formatted bitfields Examples:	pfbj [fmt] [fnames]	same as pfb but in json output
pfb	print formatted bitfields Examples:	pfbq [fmt] [fnames]	same as pfb, but quieter oneliner
pfb	print formatted bitfields Examples:	pfbd [fmt] [fnames]	same as pfb, but for debugging reasons
pfb	print formatted bitfields Examples:	pfb 3b4b foo bar	2 bitfields, first of 3 bits and second of 4
pfb	print formatted bitfields Examples:	pfb 3b+4b foo bar	2 bitfields, first of 3 bits and second of 4 , the + sign is ignored
pfb	print formatted bitfields Examples:	pfb 3b..4b foo bar	same as above, the + sign is ignored , but separated by 2 unused bits
pfb	print formatted bitfields Examples:	pfb 3b2.4b foo bar	same as above, but separated by 2 unused bits , you can use digits and dot
pF[apdbA][*vqj] [len]	parse ASN1, PKCS, X509, DER, protobuf, axml	pFa[jqt] [len]	decode ASN1/DER from current block (PEM is B64(DER))
pF[apdbA][*vqj] [len]	parse ASN1, PKCS, X509, DER, protobuf, axml	pFA[j] [len]	decode Android Binary XML from current block
pF[apdbA][*vqj] [len]	parse ASN1, PKCS, X509, DER, protobuf, axml	pFb[vj] [len]	decode raw proto buffers in (verbose, JSON) format
pF[apdbA][*vqj] [len]	parse ASN1, PKCS, X509, DER, protobuf, axml	pFB[j] [len]	decode iOS Binary PLIST from current block
pF[apdbA][*vqj] [len]	parse ASN1, PKCS, X509, DER, protobuf, axml	pFo[j] [len]	decode ASN1 OID
pF[apdbA][*vqj] [len]	parse ASN1, PKCS, X509, DER, protobuf, axml	pFp[j] [len]	decode PKCS7
pF[apdbA][*vqj] [len]	parse ASN1, PKCS, X509, DER, protobuf, axml	pFx[j] [len]	Same with X509
pF[apdbA][*vqj] [len]	parse ASN1, PKCS, X509, DER, protobuf, axml	pFX [len]	print decompressed xz block
pg[-] [asm|hex]	print (dis)assembled	pg [x y w h cmd]	add a new gadget
pg[-] [asm|hex]	print (dis)assembled	pg	print them all
pg[-] [asm|hex]	print (dis)assembled	pg*	print the gadgets as r2 commands
pg[-] [asm|hex]	print (dis)assembled	pg-*	remove all the gadgets
ph	[algorithm] ([size])	ph md5	compute md5 hash of current block
ph	[algorithm] ([size])	ph:md5	same as 'ph md5' (colon acts as a space)
ph	[algorithm] ([size])	ph sha1 32 @ 0x1000	calculate sha1 of 32 bytes starting at 0x1000
ph	[algorithm] ([size])	ph	list available hash plugins (same as Lh and phl/phL)
ph	[algorithm] ([size])	phj	list available hash plugins in json
pi[bdefrj] [num]		pia	print all possible opcodes (byte per byte)
pi[bdefrj] [num]		pib	print instructions of basic block
pi[bdefrj] [num]		pid	alias for pdi
pi[bdefrj] [num]		pie[?]	print offset + esil expression
pi[bdefrj] [num]		piE[?]	same as pie but taking an amount of bytes instead of instructions
pi[bdefrj] [num]		pif[?]	print instructions of function
pi[bdefrj] [num]		pij	print N instructions in JSON
pi[bdefrj] [num]		pir	like 'pdr' but with 'pI' output
pi[bdefrj] [num]		piu[q] [optype]	disassemble until instruction of given optype is found (See /atl)
pi[bdefrj] [num]		pix	[hexpairs] alias for pdx and pad
pie[bqf]	# print esil of N instructions	pie	print esil of N instructions
pie[bqf]	# print esil of N instructions	pieb	alias for `pie $Fi`
pie[bqf]	# print esil of N instructions	pieq	alias for `pie $Fi`  but hiding the offset
pie[bqf]	# print esil of N instructions	pief	print esil of all the function basic blocks
pie[bqf]	# print esil of N instructions	piefq	print esil of all the function basic blocks  but hiding the offset
piE[q]	# print esil of N bytes	piE	print esil of the instructions found in N bytes
piE[q]	# print esil of N bytes	piEq	print esil of the instructions found in N bytes  but without displaying the instruction address
pif[cj]	# print instructions from function	pif	print function instructions
pif[cj]	# print instructions from function	pifj	print function instructions  but in JSON format
pif[cj]	# print instructions from function	pifc	print all calls from this function
pif[cj]	# print instructions from function	pifcj	print all calls from this function in JSON format
pi[bdefrj] [num]		pia	print all possible opcodes (byte per byte)
pi[bdefrj] [num]		pib	print instructions of basic block
pi[bdefrj] [num]		pid	alias for pdi
pi[bdefrj] [num]		pie[?]	print offset + esil expression
pi[bdefrj] [num]		piE[?]	same as pie but taking an amount of bytes instead of instructions
pi[bdefrj] [num]		pif[?]	print instructions of function
pi[bdefrj] [num]		pij	print N instructions in JSON
pi[bdefrj] [num]		pir	like 'pdr' but with 'pI' output
pi[bdefrj] [num]		piu[q] [optype]	disassemble until instruction of given optype is found (See /atl)
pi[bdefrj] [num]		pix	[hexpairs] alias for pdx and pad
pie[bqf]	# print esil of N instructions	pie	print esil of N instructions
pie[bqf]	# print esil of N instructions	pieb	alias for `pie $Fi`
pie[bqf]	# print esil of N instructions	pieq	alias for `pie $Fi`  but hiding the offset
pie[bqf]	# print esil of N instructions	pief	print esil of all the function basic blocks
pie[bqf]	# print esil of N instructions	piefq	print esil of all the function basic blocks  but hiding the offset
piE[q]	# print esil of N bytes	piE	print esil of the instructions found in N bytes
piE[q]	# print esil of N bytes	piEq	print esil of the instructions found in N bytes  but without displaying the instruction address
pif[cj]	# print instructions from function	pif	print function instructions
pif[cj]	# print instructions from function	pifj	print function instructions  but in JSON format
pif[cj]	# print instructions from function	pifc	print all calls from this function
pif[cj]	# print instructions from function	pifcj	print all calls from this function in JSON format
pj[..] [size]		pj	print current block as indented JSON
pj[..] [size]		pj.	print as indented JSON from 0 to the current offset
pj[..] [size]		pj..	print JSON path from 0 to the current offset
pm [file|directory]	Set libmagic reference file or directory (see /m?)	pm [file|directory]	set libmagic reference (see /m?)
pm [file|directory]	Set libmagic reference file or directory (see /m?)	e dir.magic	defaults to /usr/local/share/radare2/5.9.7/magic
po[24aAdlmorsxS]	[hexpairs] @ addr[!bsize] (see also `poke`)	po[24aAdlmorsx]	without hexpair values, clipboard is used
po[24aAdlmorsxS]	[hexpairs] @ addr[!bsize] (see also `poke`)	po2 [val]	2= 2 byte endian swap
po[24aAdlmorsxS]	[hexpairs] @ addr[!bsize] (see also `poke`)	po4 [val]	4= 4 byte endian swap
po[24aAdlmorsxS]	[hexpairs] @ addr[!bsize] (see also `poke`)	poa [val]	+= addition (f.ex: poa 0102)
po[24aAdlmorsxS]	[hexpairs] @ addr[!bsize] (see also `poke`)	poA [val]	&= and
po[24aAdlmorsxS]	[hexpairs] @ addr[!bsize] (see also `poke`)	pod [val]	/= divide
po[24aAdlmorsxS]	[hexpairs] @ addr[!bsize] (see also `poke`)	poD [algo] [key] [iv]	Print block decryption
po[24aAdlmorsxS]	[hexpairs] @ addr[!bsize] (see also `poke`)	poE [algo] [key] [iv]	Print block encryption
po[24aAdlmorsxS]	[hexpairs] @ addr[!bsize] (see also `poke`)	pol [val]	<<= shift left
po[24aAdlmorsxS]	[hexpairs] @ addr[!bsize] (see also `poke`)	pom [val]	*= multiply
po[24aAdlmorsxS]	[hexpairs] @ addr[!bsize] (see also `poke`)	poo [val]	|= or
po[24aAdlmorsxS]	[hexpairs] @ addr[!bsize] (see also `poke`)	por [val]	>>= shift right
po[24aAdlmorsxS]	[hexpairs] @ addr[!bsize] (see also `poke`)	pos [val]	-= substraction
po[24aAdlmorsxS]	[hexpairs] @ addr[!bsize] (see also `poke`)	pox [val]	^= xor (f.ex: pox 0x90)
po[24aAdlmorsxS]	[hexpairs] @ addr[!bsize] (see also `poke`)	poS [algo] [key]	Compute and print block signature
pp[d]	print patterns	pp0	print buffer filled with zeros
pp[d]	print patterns	pp1	print incremental byte pattern (honor lower bits of cur address and bsize)
pp[d]	print patterns	pp2	print incremental word pattern
pp[d]	print patterns	pp4	print incremental dword pattern
pp[d]	print patterns	pp8	print incremental qword pattern
pp[d]	print patterns	ppa[lu]	latin alphabet (lowercase, uppercases restrictions)
pp[d]	print patterns	ppd	print debruijn pattern (see ragg2 -P, -q and wopD)
pp[d]	print patterns	ppf	print buffer filled with 0xff
pp[d]	print patterns	ppn	numeric pin patterns
pq[?z] [len]	generate QR code in ascii art	pq 32	print QR code with the current 32 bytes
pq[?z] [len]	generate QR code in ascii art	pqz	print QR code with current string in current offset
pr[glx] [size]	print N raw bytes	prc[=fep..]	print bytes as colors in palette
pr[glx] [size]	print N raw bytes	prg[?]	print raw GUNZIPped block
pr[glx] [size]	print N raw bytes	pri[aA12r]	print raw image, 1bit image, honor hex.cols
pr[glx] [size]	print N raw bytes	print[f][ln]	print, println, printf, printfln
pr[glx] [size]	print N raw bytes	prl	print raw with lines offsets
pr[glx] [size]	print N raw bytes	prx	printable chars with real offset (hyew)
pr[glx] [size]	print N raw bytes	prz	print raw zero terminated string
prg[?ilo]	[len]	prg	print gunzipped data of current block
prg[?ilo]	[len]	prgl	decompress current block using LZ4 (adjust blocksize)
prg[?ilo]	[len]	prgi	show consumed bytes when inflating
prg[?ilo]	[len]	prgo	show output bytes after inflating
ps[abijqpsuwWxz+] [len]	Print String (optionally specify the length)	ps[j]	print string until a first non-printable character
ps[abijqpsuwWxz+] [len]	Print String (optionally specify the length)	ps+[j]	print libc++ std::string (same-endian, ascii, zero-terminated)
ps[abijqpsuwWxz+] [len]	Print String (optionally specify the length)	psa	print any type of string (psp/psw/psW/psz/..)
ps[abijqpsuwWxz+] [len]	Print String (optionally specify the length)	psb	print strings in current block
ps[abijqpsuwWxz+] [len]	Print String (optionally specify the length)	psi	print string inside curseek
ps[abijqpsuwWxz+] [len]	Print String (optionally specify the length)	psn[l] [len]	print string until newline
ps[abijqpsuwWxz+] [len]	Print String (optionally specify the length)	psp[?][j]	print pascal string
ps[abijqpsuwWxz+] [len]	Print String (optionally specify the length)	psq	alias for pqs
ps[abijqpsuwWxz+] [len]	Print String (optionally specify the length)	pss	print string in screen (wrap width)
ps[abijqpsuwWxz+] [len]	Print String (optionally specify the length)	pso[j]	print string constructed with immediates (Swift)
ps[abijqpsuwWxz+] [len]	Print String (optionally specify the length)	psu[zj]	print utf16 unicode (json)
ps[abijqpsuwWxz+] [len]	Print String (optionally specify the length)	psw[j]	print 16bit wide string
ps[abijqpsuwWxz+] [len]	Print String (optionally specify the length)	psW[j]	print 32bit wide string
ps[abijqpsuwWxz+] [len]	Print String (optionally specify the length)	psx	show string with escaped chars
ps[abijqpsuwWxz+] [len]	Print String (optionally specify the length)	psz[?] [lj]	print zero-terminated string
psp[124j]	Print pascal string	psp	print zero-terminated string, taking length defined by the first byte (psp1)
psp[124j]	Print pascal string	psp1	same as psp
psp[124j]	Print pascal string	psp2	same as psp, but taking 2 byte for length
psp[124j]	Print pascal string	psp4	same as psp, but using 4 byte dword (honoring cfg.bigendian) for length
psp[124j]	Print pascal string	pspj	print pascal string in JSON
psp[124j]	Print pascal string	pspw	print zero-terminated 16bit wide string, taking length in bytes defined by the first byte (pspw1)
psp[124j]	Print pascal string	pspw1	same as pspw
psp[124j]	Print pascal string	pspw2	same as pspw, but taking 2 byte for length
psp[124j]	Print pascal string	pspw4	same as pspW, but using 4 byte dword (honoring cfg.bigendian) for length
psp[124j]	Print pascal string	pspwj	print pascal 16bit wide string in JSON
psp[124j]	Print pascal string	pspW	print zero-terminated 32bit wide string, taking length in bytes defined by the first byte (pspW1)
psp[124j]	Print pascal string	pspW1	same as pspW
psp[124j]	Print pascal string	pspW2	same as pspW, but taking 2 byte for length
psp[124j]	Print pascal string	pspW4	same as pspW, but using 4 byte dword (honoring cfg.bigendian) for length
psp[124j]	Print pascal string	pspWj	print pascal 32bit wide string in JSON
psz[jl]	Print zero-terminated string	psz	print zero-terminated string
psz[jl]	Print zero-terminated string	psz*	r2 command to write the null-terminated string in here
psz[jl]	Print zero-terminated string	pszj	print zero-terminated string as json
psz[jl]	Print zero-terminated string	pszl	print strlen of zero-terminated string in current address
pt [dn]	print timestamps	pt.	print current time
pt [dn]	print timestamps	pt	print UNIX time (32 bit `cfg.bigendian`) Since January 1, 1970
pt [dn]	print timestamps	ptb	print BEAT time (Swatch Internet Time)
pt [dn]	print timestamps	ptd	print DOS time (32 bit `cfg.bigendian`) Since January 1, 1980
pt [dn]	print timestamps	pth	print HFS time (32 bit `cfg.bigendian`) Since January 1, 1904
pt [dn]	print timestamps	ptn	print NTFS time (64 bit `cfg.bigendian`) Since January 1, 1601
pv[1248z][udj]	Print value(s) given size and endian (u for unsigned, d for signed decimal, j for json)	pv	print bytes based on asm.bits
pv[1248z][udj]	Print value(s) given size and endian (u for unsigned, d for signed decimal, j for json)	pv1[udj]	print 1 byte in memory
pv[1248z][udj]	Print value(s) given size and endian (u for unsigned, d for signed decimal, j for json)	pv2[udj]	print 2 bytes in memory
pv[1248z][udj]	Print value(s) given size and endian (u for unsigned, d for signed decimal, j for json)	pv4[udj]	print 4 bytes in memory
pv[1248z][udj]	Print value(s) given size and endian (u for unsigned, d for signed decimal, j for json)	pv8[udj]	print 8 bytes in memory
pv[1248z][udj]	Print value(s) given size and endian (u for unsigned, d for signed decimal, j for json)	pvp[udj]	print 4 or 8 bytes depending on asm.bits
pv[1248z][udj]	Print value(s) given size and endian (u for unsigned, d for signed decimal, j for json)	pve [1234] ([bsize])	print value with any endian (reorder bytes with the 1234 order)
pv[1248z][udj]	Print value(s) given size and endian (u for unsigned, d for signed decimal, j for json)	pvz	print value as string (alias for ps)
px[0afoswqWqQ][f]	# Print heXadecimal	px	show hexdump
px[0afoswqWqQ][f]	# Print heXadecimal	px--[n]	context hexdump (the hexdump version of pd--3)
px[0afoswqWqQ][f]	# Print heXadecimal	px/	same as x/ in gdb (help x)
px[0afoswqWqQ][f]	# Print heXadecimal	px*	same as pc* or p8*, print r2 commands as in hexdump
px[0afoswqWqQ][f]	# Print heXadecimal	px0	8bit hexpair list of bytes until zero byte
px[0afoswqWqQ][f]	# Print heXadecimal	pxa	show annotated hexdump
px[0afoswqWqQ][f]	# Print heXadecimal	pxA[?]	show op analysis color map
px[0afoswqWqQ][f]	# Print heXadecimal	pxb	dump bits in hexdump form
px[0afoswqWqQ][f]	# Print heXadecimal	pxB	dump bits in bitmap form
px[0afoswqWqQ][f]	# Print heXadecimal	pxc	show hexdump with comments
px[0afoswqWqQ][f]	# Print heXadecimal	pxd[?1248]	signed integer dump (1 byte, 2 and 4)
px[0afoswqWqQ][f]	# Print heXadecimal	pxe	emoji hexdump! :)
px[0afoswqWqQ][f]	# Print heXadecimal	pxf	show hexdump of current function
px[0afoswqWqQ][f]	# Print heXadecimal	pxh	show hexadecimal half-words dump (16bit)
px[0afoswqWqQ][f]	# Print heXadecimal	pxH	show hexadecimal half-words dump (16bit) , but one per line
px[0afoswqWqQ][f]	# Print heXadecimal	pxi	HexII compact binary representation
px[0afoswqWqQ][f]	# Print heXadecimal	pxl	display N lines (rows) of hexdump
px[0afoswqWqQ][f]	# Print heXadecimal	pxo	show octal dump
px[0afoswqWqQ][f]	# Print heXadecimal	pxq	show hexadecimal quad-words dump (64bit)
px[0afoswqWqQ][f]	# Print heXadecimal	pxQ[q]	show hexadecimal quad-words dump (64bit) , but one per line
px[0afoswqWqQ][f]	# Print heXadecimal	pxr[1248][qj]	show hexword references (q=quiet, j=json)
px[0afoswqWqQ][f]	# Print heXadecimal	pxs	show hexadecimal in sparse mode
px[0afoswqWqQ][f]	# Print heXadecimal	pxt[*.] [origin]	show delta pointer table in r2 commands
px[0afoswqWqQ][f]	# Print heXadecimal	pxu[?1248]	unsigned integer dump (1 byte, 2 and 4)
px[0afoswqWqQ][f]	# Print heXadecimal	pxw	show hexadecimal words dump (32bit)
px[0afoswqWqQ][f]	# Print heXadecimal	pxW[q]	show hexadecimal words dump (32bit) , but one per line (q=quiet)
px[0afoswqWqQ][f]	# Print heXadecimal	pxx	show N bytes of hex-less hexdump
px[0afoswqWqQ][f]	# Print heXadecimal	pxX	show N words of hex-less hexdump
pxA [len]	show op analysis color map	$$	int/swi/trap/new
pxA [len]	show op analysis color map	+-*/	math ops
pxA [len]	show op analysis color map	->	push
pxA [len]	show op analysis color map	..	nop
pxA [len]	show op analysis color map	<-	pop
pxA [len]	show op analysis color map	<<>>	shift ops
pxA [len]	show op analysis color map	==	cmp/test
pxA [len]	show op analysis color map	XX	invalid
pxA [len]	show op analysis color map	_C	call
pxA [len]	show op analysis color map	_J	jump
pxA [len]	show op analysis color map	_R	ret
pxA [len]	show op analysis color map	cJ	conditional jump
pxA [len]	show op analysis color map	io	in/out ops
pxA [len]	show op analysis color map	mv	move,lea,li
pxA [len]	show op analysis color map	|&^	bin ops
pz [len]	print zoomed blocks (filesize/N)	e zoom.maxsz	max size of block
pz [len]	print zoomed blocks (filesize/N)	e zoom.from	start address
pz [len]	print zoomed blocks (filesize/N)	e zoom.to	end address
pz [len]	print zoomed blocks (filesize/N)	e zoom.byte	specify how to calculate each byte
pz [len]	print zoomed blocks (filesize/N)	pz0	number of bytes with value '0'
pz [len]	print zoomed blocks (filesize/N)	pzF	number of bytes with value 0xFF
pz [len]	print zoomed blocks (filesize/N)	pze	calculate entropy and expand to 0-255 range
pz [len]	print zoomed blocks (filesize/N)	pzf	count of flags in block
pz [len]	print zoomed blocks (filesize/N)	pzh	head (first byte value); This is the default mode
pz [len]	print zoomed blocks (filesize/N)	pzp	number of printable chars
pz [len]	print zoomed blocks (filesize/N)	pzs	strings in range
P[?.+-*cdilnsS] [file]	Project management	P [file]	open project (formerly Po)
P[?.+-*cdilnsS] [file]	Project management	P.	show current loaded project (see prj.name)
P[?.+-*cdilnsS] [file]	Project management	P+ [name]	save project (same as Ps, but doesnt checks for changes)
P[?.+-*cdilnsS] [file]	Project management	P- [name]	delete project
P[?.+-*cdilnsS] [file]	Project management	P*	printn project script as r2 commands
P[?.+-*cdilnsS] [file]	Project management	P!([cmd])	open a shell or run command in the project directory
P[?.+-*cdilnsS] [file]	Project management	Pc	close current project
P[?.+-*cdilnsS] [file]	Project management	Pd [N]	diff Nth commit
P[?.+-*cdilnsS] [file]	Project management	Pi [file]	show project information
P[?.+-*cdilnsS] [file]	Project management	Pl	list all projects
P[?.+-*cdilnsS] [file]	Project management	Pn -	edit current loaded project notes using cfg.editor
P[?.+-*cdilnsS] [file]	Project management	Pn[j]	manage notes associated with the project
P[?.+-*cdilnsS] [file]	Project management	Ps [file]	save project (see dir.projects)
P[?.+-*cdilnsS] [file]	Project management	PS [file]	save script file
P[?.+-*cdilnsS] [file]	Project management	PS* [name]	print the project script file (Like P*, but requires a project)
P[?.+-*cdilnsS] [file]	Project management	Pz[ie] [zipfile]	import/export r2 project in zip form (.zrp extension)
P[?.+-*cdilnsS] [file]	Project management	NOTE:	the 'e prj.name' evar can save/open/rename/list projects.
P[?.+-*cdilnsS] [file]	Project management	NOTE:	see the other 'e??prj.' evars for more options.
P[?.+-*cdilnsS] [file]	Project management	NOTE:	project are stored in dir.projects
q[!][!] [retval]		q	quit program
q[!][!] [retval]		q!	force quit (no questions)
q[!][!] [retval]		q!!	force quit without saving history
q[!][!] [retval]		q!!!	force quit without freeing anything
q[!][!] [retval]		q 1	quit with return value 1
q[!][!] [retval]		q a-b	quit with return value a-b
q[!][!] [retval]		q[y/n][y/n]	quit, chose to kill process, chose to save project
q[!][!] [retval]		Q	same as q!!
r[+-][ size]	Resize file	r	display file size
r[+-][ size]	Resize file	rj	display the file size in JSON format
r[+-][ size]	Resize file	r size	expand or truncate file to given size
r[+-][ size]	Resize file	r-num	remove num bytes, move following data down
r[+-][ size]	Resize file	r+num	insert num bytes, move following data up
r[+-][ size]	Resize file	r2pm [...]	run r2pm's main
r[+-][ size]	Resize file	rabin2 [...]	run rabin2's main
r[+-][ size]	Resize file	radare2 [...]	run radare2's main
r[+-][ size]	Resize file	radiff2 [...]	run radiff2's main
r[+-][ size]	Resize file	rafind2 [...]	run rafind2's main
r[+-][ size]	Resize file	rahash2 [...]	run rahash2's main
r[+-][ size]	Resize file	rasm2 [...]	run rasm2's main
r[+-][ size]	Resize file	ravc2 [...]	run ravc2's main
r[+-][ size]	Resize file	rax2 [...]	run rax2's main
r[+-][ size]	Resize file	rb oldbase @ newbase	rebase all flags, bin.info, breakpoints and analysis
r[+-][ size]	Resize file	rm [file]	remove file
r[+-][ size]	Resize file	rmrf [file|dir]	recursive remove
r[+-][ size]	Resize file	rh	show size in human format
r[+-][ size]	Resize file	r2 [file]	launch r2 (same for rax2, rasm2, ...)
r[+-][ size]	Resize file	reset	reset console settings (clear --hard)
s	# Help for the seek commands. See ?$? to see all variables	s	print current address
s	# Help for the seek commands. See ?$? to see all variables	s addr	seek to address
s	# Help for the seek commands. See ?$? to see all variables	s.[?]hexoff	seek honoring a base from core->offset
s	# Help for the seek commands. See ?$? to see all variables	s:pad	print current address with N padded zeros (defaults to 8)
s	# Help for the seek commands. See ?$? to see all variables	s-	undo seek
s	# Help for the seek commands. See ?$? to see all variables	s-*	reset undo seek history
s	# Help for the seek commands. See ?$? to see all variables	s- n	seek n bytes backward
s	# Help for the seek commands. See ?$? to see all variables	s--[n]	seek blocksize bytes backward (/=n)
s	# Help for the seek commands. See ?$? to see all variables	s+	redo seek
s	# Help for the seek commands. See ?$? to see all variables	s+ n	seek n bytes forward
s	# Help for the seek commands. See ?$? to see all variables	s++[n]	seek blocksize bytes forward (/=n)
s	# Help for the seek commands. See ?$? to see all variables	s[j*=!]	list undo seek history (JSON, =list, *r2, !=names, s==)
s	# Help for the seek commands. See ?$? to see all variables	s/ DATA	search for next occurrence of 'DATA' (see /?)
s	# Help for the seek commands. See ?$? to see all variables	s/x 9091	search for next occurrence of \x90\x91
s	# Help for the seek commands. See ?$? to see all variables	sa ([+-]addr)	seek to block-size aligned address (addr=$$ if not specified)
s	# Help for the seek commands. See ?$? to see all variables	sb ([addr])	seek to the beginning of the basic block
s	# Help for the seek commands. See ?$? to see all variables	sC[?] string	seek to comment matching given string
s	# Help for the seek commands. See ?$? to see all variables	sd ([addr])	show delta seek compared to all possible reference bases
s	# Help for the seek commands. See ?$? to see all variables	sf	seek to next function (f->addr+f->size)
s	# Help for the seek commands. See ?$? to see all variables	sf function	seek to address of specified function
s	# Help for the seek commands. See ?$? to see all variables	sf.	seek to the beginning of current function
s	# Help for the seek commands. See ?$? to see all variables	sfp	seek to the function prelude checking back blocksize bytes
s	# Help for the seek commands. See ?$? to see all variables	sff	seek to the nearest flag backwards (uses fd and ignored the delta)
s	# Help for the seek commands. See ?$? to see all variables	sg/sG	seek begin (sg) or end (sG) of section or file
s	# Help for the seek commands. See ?$? to see all variables	sh	open a basic shell (aims to support basic posix syntax)
s	# Help for the seek commands. See ?$? to see all variables	sl[?] [+-]line	seek to line
s	# Help for the seek commands. See ?$? to see all variables	sn/sp ([nkey])	seek to next/prev location, as specified by scr.nkey
s	# Help for the seek commands. See ?$? to see all variables	snp	seek to next function prelude
s	# Help for the seek commands. See ?$? to see all variables	spp	seek to prev function prelude
s	# Help for the seek commands. See ?$? to see all variables	so ([[-]N])	seek to N opcode(s) forward (or backward when N is negative), N=1 by default
s	# Help for the seek commands. See ?$? to see all variables	sr PC	seek to register (or register alias) value
s	# Help for the seek commands. See ?$? to see all variables	ss[?]	seek silently (without adding an entry to the seek history)
s	# Help for the seek commands. See ?$? to see all variables	sort [file]	sort the contents of the file
s.	Seek here or there (near seeks)	s.	seek here, same as 's $$'
s.	Seek here or there (near seeks)	s..32a8	seek to the same address but replacing the lower nibbles
sC	Comment grep	sC*	list all comments
sC	Comment grep	sC str	seek to the first comment matching 'str'
sl+ or sl- or slc		sl [line]	seek to absolute line
sl+ or sl- or slc		sl[+-][line]	seek to relative line
sl+ or sl- or slc		slc	clear line cache
sl+ or sl- or slc		sll	show total number of lines
sl+ or sl- or slc		sleep [seconds]	sleep for an specific amount of time (support decimal values)
ss	# Seek silently (not recorded in the seek history)	s?	works with all s subcommands, for example ssr = silent 'sr'
t	Parse, manage, and print C types	t	list all loaded types
t	Parse, manage, and print C types	tj	list all loaded types as json
t	Parse, manage, and print C types	t <type>	show type in 'pf' syntax
t	Parse, manage, and print C types	t*	list types info in r2 commands
t	Parse, manage, and print C types	t- <name>	delete type by name
t	Parse, manage, and print C types	t-*	remove all types
t	Parse, manage, and print C types	tail([n]) [file]	output the last n lines of a file (default n=5)
t	Parse, manage, and print C types	tac [file]	the infamous reverse cat command
t	Parse, manage, and print C types	tc[?] [type.name]	list all/given types in C output format
t	Parse, manage, and print C types	td <string>	"load types from string (quote the whole command: ""td ..."")"
t	Parse, manage, and print C types	te[?]	list all loaded enums
t	Parse, manage, and print C types	tf[?]	list all loaded functions signatures
t	Parse, manage, and print C types	tk <sdb-query>	perform sdb query
t	Parse, manage, and print C types	tl[?]	show/Link type to an address
t	Parse, manage, and print C types	tn[?] [-][addr]	manage noreturn function attributes and marks
t	Parse, manage, and print C types	to[?] <path>	load types from C header file
t	Parse, manage, and print C types	tp[?]	<type> [addr|varname] cast data at <address> to <type> and print it (XXX: type can contain spaces)
t	Parse, manage, and print C types	ts[?]	print loaded struct types
t	Parse, manage, and print C types	tt[?]	list all loaded typedefs
t	Parse, manage, and print C types	tu[?]	print loaded union types
t	Parse, manage, and print C types	tx[?]	type xrefs
tc[...]	[type]	tc	list all loaded types in C output format with newlines
tc[...]	[type]	tc [type.name]	list given loaded type in C output format with newlines
tc[...]	[type]	tcd	list all loaded types in C output format without newlines
tc[...]	[type]	tcc[?]	manage calling convention types
tcc [-name]	Type function calling conventions (see also afc? and arcc)	tcc	list all calling conventions
tcc [-name]	Type function calling conventions (see also afc? and arcc)	tcc*	list calling conventions as r2 commands
tcc [-name]	Type function calling conventions (see also afc? and arcc)	tcck	list calling conventions in k=v format
tcc [-name]	Type function calling conventions (see also afc? and arcc)	tccl	list cc signatures (return ccname (arg0, arg1, ..) err;)
tcc [-name]	Type function calling conventions (see also afc? and arcc)	tccj	list them in JSON
tcc [-name]	Type function calling conventions (see also afc? and arcc)	tcc <ret> ([args]) ([err])	define function cc
tcc [-name]	Type function calling conventions (see also afc? and arcc)	tcc r0 pascal(r0,r1,r2)	define signature for pascal cc (see also arcc)
tcc [-name]	Type function calling conventions (see also afc? and arcc)	tcc-<name>	unregister calling convention by name
tcc [-name]	Type function calling conventions (see also afc? and arcc)	tcc-*	unregister all calling conventions
te[...]	Type enum commands	te	list all loaded enums
te[...]	Type enum commands	te <enum>	print all values of enum for given name
te[...]	Type enum commands	te <enum> <value>	show name for given enum number
te[...]	Type enum commands	te-<enum>	delete enum type definition
te[...]	Type enum commands	teb <enum> <name>	show matching enum bitfield for given name
te[...]	Type enum commands	tec	list all loaded enums in C output format with newlines
te[...]	Type enum commands	tec <name>	list given loaded enums in C output format with newlines
te[...]	Type enum commands	ted	list all loaded enums in C output format without newlines
te[...]	Type enum commands	tej	list all loaded enums in json
te[...]	Type enum commands	tej <enum>	show enum in json
te[...]	Type enum commands	test [-x,f,d] [path]	test if executable, file or directory exists
tf[...]		tf	list all function definitions loaded
tf[...]		tf <name>	show function signature
tf[...]		tfc <name>	show function signature in C syntax
tf[...]		tfcj <name>	show function signature in C syntax  but in JSON
tf[...]		tfj	list all function definitions in JSON
tf[...]		tfj <name>	show function signature in JSON
tl[...] [typename] [[=] address]	Type link commands	tl	list all links.
tl[...] [typename] [[=] address]	Type link commands	tll	list all links in readable format.
tl[...] [typename] [[=] address]	Type link commands	tllj	list all links in readable JSON format.
tl[...] [typename] [[=] address]	Type link commands	tl [typename]	link a type to current address.
tl[...] [typename] [[=] address]	Type link commands	tl [typename] = [address]	link type to given address.
tl[...] [typename] [[=] address]	Type link commands	tls [address]	show link at given address.
tl[...] [typename] [[=] address]	Type link commands	tl-*	delete all links.
tl[...] [typename] [[=] address]	Type link commands	tl- [address]	delete link at given address.
tl[...] [typename] [[=] address]	Type link commands	tl*	list all links in radare2 command format.
tl[...] [typename] [[=] address]	Type link commands	tlj	list all links in JSON format.
tn [-][0xaddr|symname]	manage no-return marks	tn[a] 0x3000	stop function analysis if call/jmp to this address
tn [-][0xaddr|symname]	manage no-return marks	tn[n] sym.imp.exit	stop function analysis if call/jmp to this address  but for flag/fcn names
tn [-][0xaddr|symname]	manage no-return marks	tnf	same as `afl,noret/eq/1`
tn [-][0xaddr|symname]	manage no-return marks	tn- 0x3000 sym.imp.exit ...	remove some no-return references
tn [-][0xaddr|symname]	manage no-return marks	tn-*	remove all no-return references
tn [-][0xaddr|symname]	manage no-return marks	tn	list them all
to[...]		to -	open cfg.editor to load types
to[...]		to <path>	load types from C header file
to[...]		tos <path>	load types from parsed Sdb database
to[...]		toe [type.name]	open cfg.editor to edit types
to[...]		tos <path>	load types from parsed Sdb database
to[...]		touch <file>	create or update timestamp in file
tp[vx]	<type> [...]	tp	<type> [addr|varname] cast data at <address> to <type> and print it (XXX: type can contain spaces)
tp[vx]	<type> [...]	tpv <type> [@addr]	show offset formatted for given type
tp[vx]	<type> [...]	tpx <type> <hexpairs>	show value for type with specified byte sequence (XXX: type can contain spaces)
ts[...]	[type]	ts	list all loaded structs
ts[...]	[type]	ts [type]	show pf format string for given struct
ts[...]	[type]	ts-[type]	delete struct type definition
ts[...]	[type]	tsj	list all loaded structs in json
ts[...]	[type]	tsj [type]	show pf format string for given struct in json
ts[...]	[type]	ts*	show pf.<name> format string for all loaded structs
ts[...]	[type]	ts* [type]	show pf.<name> format string for given struct
ts[...]	[type]	tsc<name>	list all/given loaded structs in C output format with newlines
ts[...]	[type]	tsd	list all loaded structs in C output format without newlines
ts[...]	[type]	tss [type]	display size of struct
tt[...]	Type typedef commands	tt	list all loaded typedefs
tt[...]	Type typedef commands	tt <typename>	show name for given type alias
tt[...]	Type typedef commands	ttj	show typename and type alias in json
tt[...]	Type typedef commands	ttc<name>	show typename and type alias in C output format
tu[...]		tu	list all loaded unions
tu[...]		tu [type]	show pf format string for given union
tu[...]		tuj	list all loaded unions in json
tu[...]		tuj [type]	show pf format string for given union in json
tu[...]		tu*	show pf.<name> format string for all loaded unions
tu[...]		tu* [type]	show pf.<name> format string for given union
tu[...]		tuc<name>	list all/given loaded unions in C output format with newlines
tu[...]		tud	list all loaded unions in C output format without newlines
tx[.tflg] [...]	Function types	tx	list functions and the types they use
tx[.tflg] [...]	Function types	tx.	same as txf
tx[.tflg] [...]	Function types	tx int32_t	list functions names using this type
tx[.tflg] [...]	Function types	txt int32_t	same as 'tx type'
tx[.tflg] [...]	Function types	txf ([addr])	list all types used in the current or given function (same as tx.)
tx[.tflg] [...]	Function types	txl	list all types used by any function
tx[.tflg] [...]	Function types	txg	render the type xrefs graph (usage .txg;aggv)
T	[-][ num|msg] # text-log utility with timestamps	T	list all Text log messages
T	[-][ num|msg] # text-log utility with timestamps	T message	add new log message
T	[-][ num|msg] # text-log utility with timestamps	T 123	list log from 123
T	[-][ num|msg] # text-log utility with timestamps	T 10 3	list 3 log messages starting from 10
T	[-][ num|msg] # text-log utility with timestamps	T*	list in radare commands
T	[-][ num|msg] # text-log utility with timestamps	T-	delete all logs
T	[-][ num|msg] # text-log utility with timestamps	T- 123	delete logs before 123
T	[-][ num|msg] # text-log utility with timestamps	Tl	get last log message id
T	[-][ num|msg] # text-log utility with timestamps	Tj	list in json format
T	[-][ num|msg] # text-log utility with timestamps	Tm [idx]	display log messages without index
T	[-][ num|msg] # text-log utility with timestamps	TT	enter into the text log chat console
T	[-][ num|msg] # text-log utility with timestamps	T=[.]	pull logs from remote r2 instance specified by http.sync
T	[-][ num|msg] # text-log utility with timestamps	T=&	start background thread syncing with the remote server
u	uname or undo write/seek	u	show system uname (alias for uname)
u	uname or undo write/seek	uw	alias for wc (requires: e io.cache=true)
u	uname or undo write/seek	us	alias for s- (seek history)
u	uname or undo write/seek	uc[?]	undo core commands (uc?, ucl, uc*, ..) (see `e cmd.undo`)
u	uname or undo write/seek	uid	display numeric user id
u	uname or undo write/seek	uniq	filter rows to avoid duplicates
u	uname or undo write/seek	uname[?]	uname - show system information
uc [cmd],[revert-cmd]	undo core commands (see `e cmd.undo`)	uc w hello,w world	add a new undo command manually
uc [cmd],[revert-cmd]	undo core commands (see `e cmd.undo`)	uc	list all core undos commands
uc [cmd],[revert-cmd]	undo core commands (see `e cmd.undo`)	uc*	list all core undos as r2 commands
uc [cmd],[revert-cmd]	undo core commands (see `e cmd.undo`)	ucu	up : undo previous action
uc [cmd],[revert-cmd]	undo core commands (see `e cmd.undo`)	ucd	down : redo action
uc [cmd],[revert-cmd]	undo core commands (see `e cmd.undo`)	uc-	undo last action
uc [cmd],[revert-cmd]	undo core commands (see `e cmd.undo`)	uc.	list all reverts in current
uname	show information about the current system	uname	show host operating system
uname	show information about the current system	uname -a	show more system details
uname	show information about the current system	uname -j	show uname information in JSON
uname	show information about the current system	uname -b	show machine cpu register bits size
uname	show information about the current system	uname -m	show machine cpu architecture name
uname	show information about the current system	uname -r	show operating system version
w[x] [str] [<file] [<<EOF] [@addr]		w[1248][+-][n]	increment/decrement byte,word..
w[x] [str] [<file] [<<EOF] [@addr]		w foobar	write string 'foobar'
w[x] [str] [<file] [<<EOF] [@addr]		w+string	write string and seek to its null terminator
w[x] [str] [<file] [<<EOF] [@addr]		w0 [len]	write 'len' bytes with value 0x00
w[x] [str] [<file] [<<EOF] [@addr]		w6[d|e|x] base64/string/hex	write base64 [d]ecoded or [e]ncoded string
w[x] [str] [<file] [<<EOF] [@addr]		wa[?] push ebp	"write opcode, separated by ';' (use '""' around the command)"
w[x] [str] [<file] [<<EOF] [@addr]		waf f.asm	assemble file and write bytes
w[x] [str] [<file] [<<EOF] [@addr]		waF f.asm	assemble file and write bytes and show 'wx' op with hexpair bytes of assembled code
w[x] [str] [<file] [<<EOF] [@addr]		wao[?] op	modify opcode (change conditional of jump. nop, etc) (RArch.patch)
w[x] [str] [<file] [<<EOF] [@addr]		wb 011001	write bits in bit big endian (see pb)
w[x] [str] [<file] [<<EOF] [@addr]		wB[-]0xVALUE	set or unset bits with given value (also wB-0x2000)
w[x] [str] [<file] [<<EOF] [@addr]		wc[?][jir+-*?]	write cache list/undo/commit/reset (io.cache)
w[x] [str] [<file] [<<EOF] [@addr]		wd [off] [n]	copy N bytes from OFF to $$ (memcpy) (see y?)
w[x] [str] [<file] [<<EOF] [@addr]		we[?] [nNsxX] [arg]	extend write operations (insert instead of replace)
w[x] [str] [<file] [<<EOF] [@addr]		wf[fs] -|file	write contents of file at current offset
w[x] [str] [<file] [<<EOF] [@addr]		wg[et] [http://host/file]	download file from http server and save it to disk (wget)
w[x] [str] [<file] [<<EOF] [@addr]		wh r2	whereis/which shell command
w[x] [str] [<file] [<<EOF] [@addr]		wm f0ff	set binary mask hexpair to be used as cyclic write mask
w[x] [str] [<file] [<<EOF] [@addr]		wo[?] hex	write in block with operation. 'wo?' fmi
w[x] [str] [<file] [<<EOF] [@addr]		wp[?] -|file	apply radare patch file. See wp? fmi
w[x] [str] [<file] [<<EOF] [@addr]		wr 10	write 10 random bytes
w[x] [str] [<file] [<<EOF] [@addr]		ws[?] pstring	write pascal string: 1 byte for length + N for the string
w[x] [str] [<file] [<<EOF] [@addr]		wt[?][afs] [filename] [size]	write to file (from current seek, blocksize or sz bytes)
w[x] [str] [<file] [<<EOF] [@addr]		ww foobar	write wide string 'f\x00o\x00o\x00b\x00a\x00r\x00'
w[x] [str] [<file] [<<EOF] [@addr]		wx[?][fs] 9090	write two intel nops (from wxfile or wxseek)
w[x] [str] [<file] [<<EOF] [@addr]		wX 1b2c3d	fill current block with cyclic hexpairs
w[x] [str] [<file] [<<EOF] [@addr]		wv[?] eip+34	write 32-64 bit value honoring cfg.bigendian
w[x] [str] [<file] [<<EOF] [@addr]		wu [unified-diff-patch]	see 'cu'
w[x] [str] [<file] [<<EOF] [@addr]		wz string	write zero terminated string (like w + \x00)
wa[of*] [arg]		wa nop	write nopcode using asm.arch and asm.bits
wa[of*] [arg]		wai jmp 0x8080	write inside this op (fill with nops or error if doesnt fit)
wa[of*] [arg]		wan jmp 0x8080	write instruction(s) nopping the trailing bytes
wa[of*] [arg]		wa+ nop	write a nop and seek after it (use 7wa+nop to write 7 consecutive nops)
wa[of*] [arg]		wa* mov eax, 33	show 'wx' op with hexpair bytes of assembled opcode
wa[of*] [arg]		'wa nop;nop	assemble more than one instruction (note the single quote)
wa[of*] [arg]		waf f.asm	assemble file and write bytes
wa[of*] [arg]		waF f.asm	assemble file and write bytes and show 'wx' op with hexpair bytes of assembled code
wa[of*] [arg]		waF* f.asm	assemble file and show 'wx' op with hexpair bytes of assembled code
wa[of*] [arg]		wao?	show help for assembler operation on current opcode (hack)
wa[of*] [arg]		wao [op]	performs a modification on current opcode
wa[of*] [arg]		wao+[op]	same as 'wao', but seeks forward after writing
wa[of*] [arg]		wao nop	nop current opcode
wa[of*] [arg]		wao jinf	assemble an infinite loop
wa[of*] [arg]		wao jz	make current opcode conditional (same as je) (zero)
wa[of*] [arg]		wao jnz	make current opcode conditional (same as jne) (not zero)
wa[of*] [arg]		wao ret1	make the current opcode return 1
wa[of*] [arg]		wao ret0	make the current opcode return 0
wa[of*] [arg]		wao retn	make the current opcode return -1
wa[of*] [arg]		wao nocj	remove conditional operation from branch (make it unconditional)
wa[of*] [arg]		wao trap	make the current opcode a trap
wa[of*] [arg]		wao recj	reverse (swap) conditional branch instruction
wa[of*] [arg]		WIP:	not all archs are supported and not all commands work on all archs
wc[jir+-*?]		wc	list all write changes in the current cache layer
wc[jir+-*?]		wc*	print write commands to replicate the patches in the current cache layer
wc[jir+-*?]		wc**	same as 'wc*' but for all the cache layers
wc[jir+-*?]		wc+ [from] [to]	commit change from cache to io
wc[jir+-*?]		wc++	push a new io cache layer
wc[jir+-*?]		wc- [from] [to]	remove write op at curseek or given addr
wc[jir+-*?]		wc--	pop (discard) last write cache layer
wc[jir+-*?]		wcU	redo undone change (TODO)
wc[jir+-*?]		wca	list all write changes in all the cache layers
wc[jir+-*?]		wcd	list all write changes in disasm diff format
wc[jir+-*?]		wcf [file]	commit write cache into given file
wc[jir+-*?]		wci	commit write cache
wc[jir+-*?]		wcj	list all write changes in JSON
wc[jir+-*?]		wcl	list io cache layers
wc[jir+-*?]		wcp [fd]	list all cached write-operations on p-layer for specified fd or current fd
wc[jir+-*?]		wcp* [fd]	list all cached write-operations on p-layer in radare commands
wc[jir+-*?]		wcpi [fd]	commit and invalidate pcache for specified fd or current fd
wc[jir+-*?]		wcr	revert all writes in the cache
wc[jir+-*?]		wcs	squash the consecutive write ops
wc[jir+-*?]		wcu	undo last change
wc[jir+-*?]		Usage	write extend # resize the file
wc[jir+-*?]		wen <num>	extend the underlying file inserting NUM null bytes at current offset
wc[jir+-*?]		weN <addr> <len>	extend current file and insert bytes at address
wc[jir+-*?]		wes <addr>	<dist> <block_size> shift a blocksize left or write in the editor
wc[jir+-*?]		wex <hex_bytes>	insert bytes at current offset by extending the file
wc[jir+-*?]		weX <addr> <hex_bytes>	insert bytes at address by extending the file
wo[asmdxoArl24]	[hexpairs] @ addr[!bsize] write operation in current block	wo2	2= 2 byte endian swap (word)
wo[asmdxoArl24]	[hexpairs] @ addr[!bsize] write operation in current block	wo4	4= 4 byte endian swap (dword)
wo[asmdxoArl24]	[hexpairs] @ addr[!bsize] write operation in current block	wo8	8= 8 byte endian swap (qword)
wo[asmdxoArl24]	[hexpairs] @ addr[!bsize] write operation in current block	woa [hexpair]	+= addition (f.ex: woa 0102)
wo[asmdxoArl24]	[hexpairs] @ addr[!bsize] write operation in current block	woA [hexpair]	&= and
wo[asmdxoArl24]	[hexpairs] @ addr[!bsize] write operation in current block	wod [hexpair]	/= divide
wo[asmdxoArl24]	[hexpairs] @ addr[!bsize] write operation in current block	woD [algo] [key] [IV]	decrypt current block with given algo and key
wo[asmdxoArl24]	[hexpairs] @ addr[!bsize] write operation in current block	woE [algo] [key] [IV]	encrypt current block with given algo and key
wo[asmdxoArl24]	[hexpairs] @ addr[!bsize] write operation in current block	woe [from] ([to] [step] [wsz=1])	write enumeration sequence i0 01 02 ..
wo[asmdxoArl24]	[hexpairs] @ addr[!bsize] write operation in current block	woi	inverse bytes in current block
wo[asmdxoArl24]	[hexpairs] @ addr[!bsize] write operation in current block	wol [val]	<<= shift left
wo[asmdxoArl24]	[hexpairs] @ addr[!bsize] write operation in current block	wom [val]	*= multiply
wo[asmdxoArl24]	[hexpairs] @ addr[!bsize] write operation in current block	woo [val]	|= or
wo[asmdxoArl24]	[hexpairs] @ addr[!bsize] write operation in current block	wop[DO] [arg]	De Bruijn Patterns
wo[asmdxoArl24]	[hexpairs] @ addr[!bsize] write operation in current block	wor [val]	>>= shift right
wo[asmdxoArl24]	[hexpairs] @ addr[!bsize] write operation in current block	woR	random bytes (alias for 'wr $b')
wo[asmdxoArl24]	[hexpairs] @ addr[!bsize] write operation in current block	wos [val]	-= substraction
wo[asmdxoArl24]	[hexpairs] @ addr[!bsize] write operation in current block	woS [algo] [key]	sign the current block with given algo and key
wo[asmdxoArl24]	[hexpairs] @ addr[!bsize] write operation in current block	wow [val]	== write looped value (alias for 'wb')
wo[asmdxoArl24]	[hexpairs] @ addr[!bsize] write operation in current block	wox [val]	^= xor (f.ex: wox 0x90)
wp	[-|r2patch-file]	^#	comments
wp	[-|r2patch-file]	.	execute command
wp	[-|r2patch-file]	!	execute command
wp	[-|r2patch-file]	OFFSET { code block }	
wp	[-|r2patch-file]	"OFFSET ""string"""	
wp	[-|r2patch-file]	OFFSET 01020304	
wp	[-|r2patch-file]	OFFSET : assembly	
wp	[-|r2patch-file]	"+ {code}|""str""|0210|: asm"	
ws[124?] [string]	Pascal strings are not null terminated and store the length in binary at the beginning	ws str	write pascal string using first byte as length
ws[124?] [string]	Pascal strings are not null terminated and store the length in binary at the beginning	ws1 str	write pascal string using first byte as length 
ws[124?] [string]	Pascal strings are not null terminated and store the length in binary at the beginning	ws2 str	same as above  but using ut16 as length (honors cfg.bigendian)
ws[124?] [string]	Pascal strings are not null terminated and store the length in binary at the beginning	ws4 str	same, but using ut32 (honors cfg.bigendian)
wt[afs] [filename] [size]	Write current block or [size] bytes from offset to file	wta [filename]	append to 'filename'
wt[afs] [filename] [size]	Write current block or [size] bytes from offset to file	wtf [filename] [size]	write to file (see also 'wxf' and 'wf?')
wt[afs] [filename] [size]	Write current block or [size] bytes from offset to file	wtf! [filename]	write to file from current address to eof (ignores given size)
wt[afs] [filename] [size]	Write current block or [size] bytes from offset to file	wtff [prefix] [size]	"write block from current seek to ""<prefix>-<offset>"""
wt[afs] [filename] [size]	Write current block or [size] bytes from offset to file	wts host:port [size]	send data to remote socket at tcp://host:port
wt[afs] [filename] [size]	Write current block or [size] bytes from offset to file	NOTE:	"filename defaults to ""<cfg.prefixdump>.<offset>"""
wx[f] [arg]		wx 3.	write the left nibble of the current byte
wx[f] [arg]		wx .5	write the right nibble of the current byte
wx[f] [arg]		wx+ 9090	write hexpairs and seek forward
wx[f] [arg]		wxf -|file	write contents of hexpairs file here
wv[size] [value]	Write value of given size	wv 0x834002	write dword with this value
wv[size] [value]	Write value of given size	wv1 234	write one byte with this value
wv[size] [value]	Write value of given size	wv2 234	write unsigned short (2 bytes) with this number
wv[size] [value]	Write value of given size	wv4 1 2 3	write N space-separated dword (4 bytes)
wv[size] [value]	Write value of given size	wv8 234	write qword (8 bytes) with this number
wv[size] [value]	Write value of given size	wvp 934	write 4 or 8 byte pointer, depending on asm.bits
wv[size] [value]	Write value of given size	wvf 3.14	write float value (4 bytes)
wv[size] [value]	Write value of given size	wvF 3.14	write double value (8 bytes)
wv[size] [value]	Write value of given size	wvG 3.14	write long double value (10/16 bytes)
wv[size] [value]	Write value of given size	Supported sizes are:1, 2, 4, 8	
px[0afoswqWqQ][f]	# Print heXadecimal	px	show hexdump
px[0afoswqWqQ][f]	# Print heXadecimal	px--[n]	context hexdump (the hexdump version of pd--3)
px[0afoswqWqQ][f]	# Print heXadecimal	px/	same as x/ in gdb (help x)
px[0afoswqWqQ][f]	# Print heXadecimal	px*	same as pc* or p8*, print r2 commands as in hexdump
px[0afoswqWqQ][f]	# Print heXadecimal	px0	8bit hexpair list of bytes until zero byte
px[0afoswqWqQ][f]	# Print heXadecimal	pxa	show annotated hexdump
px[0afoswqWqQ][f]	# Print heXadecimal	pxA[?]	show op analysis color map
px[0afoswqWqQ][f]	# Print heXadecimal	pxb	dump bits in hexdump form
px[0afoswqWqQ][f]	# Print heXadecimal	pxB	dump bits in bitmap form
px[0afoswqWqQ][f]	# Print heXadecimal	pxc	show hexdump with comments
px[0afoswqWqQ][f]	# Print heXadecimal	pxd[?1248]	signed integer dump (1 byte, 2 and 4)
px[0afoswqWqQ][f]	# Print heXadecimal	pxe	emoji hexdump! :)
px[0afoswqWqQ][f]	# Print heXadecimal	pxf	show hexdump of current function
px[0afoswqWqQ][f]	# Print heXadecimal	pxh	show hexadecimal half-words dump (16bit)
px[0afoswqWqQ][f]	# Print heXadecimal	pxH	show hexadecimal half-words dump (16bit) , but one per line
px[0afoswqWqQ][f]	# Print heXadecimal	pxi	HexII compact binary representation
px[0afoswqWqQ][f]	# Print heXadecimal	pxl	display N lines (rows) of hexdump
px[0afoswqWqQ][f]	# Print heXadecimal	pxo	show octal dump
px[0afoswqWqQ][f]	# Print heXadecimal	pxq	show hexadecimal quad-words dump (64bit)
px[0afoswqWqQ][f]	# Print heXadecimal	pxQ[q]	show hexadecimal quad-words dump (64bit) , but one per line
px[0afoswqWqQ][f]	# Print heXadecimal	pxr[1248][qj]	show hexword references (q=quiet, j=json)
px[0afoswqWqQ][f]	# Print heXadecimal	pxs	show hexadecimal in sparse mode
px[0afoswqWqQ][f]	# Print heXadecimal	pxt[*.] [origin]	show delta pointer table in r2 commands
px[0afoswqWqQ][f]	# Print heXadecimal	pxu[?1248]	unsigned integer dump (1 byte, 2 and 4)
px[0afoswqWqQ][f]	# Print heXadecimal	pxw	show hexadecimal words dump (32bit)
px[0afoswqWqQ][f]	# Print heXadecimal	pxW[q]	show hexadecimal words dump (32bit) , but one per line (q=quiet)
px[0afoswqWqQ][f]	# Print heXadecimal	pxx	show N bytes of hex-less hexdump
px[0afoswqWqQ][f]	# Print heXadecimal	pxX	show N words of hex-less hexdump
pxA [len]	show op analysis color map	$$	int/swi/trap/new
pxA [len]	show op analysis color map	+-*/	math ops
pxA [len]	show op analysis color map	->	push
pxA [len]	show op analysis color map	..	nop
pxA [len]	show op analysis color map	<-	pop
pxA [len]	show op analysis color map	<<>>	shift ops
pxA [len]	show op analysis color map	==	cmp/test
pxA [len]	show op analysis color map	XX	invalid
pxA [len]	show op analysis color map	_C	call
pxA [len]	show op analysis color map	_J	jump
pxA [len]	show op analysis color map	_R	ret
pxA [len]	show op analysis color map	cJ	conditional jump
pxA [len]	show op analysis color map	io	in/out ops
pxA [len]	show op analysis color map	mv	move,lea,li
pxA [len]	show op analysis color map	|&^	bin ops
y[fptxy] [len] [[@]addr]	# See wd? for memcpy, same as 'yf'.	y!	open cfg.editor to edit the clipboard
y[fptxy] [len] [[@]addr]	# See wd? for memcpy, same as 'yf'.	y 16 0x200	copy 16 bytes into clipboard from 0x200
y[fptxy] [len] [[@]addr]	# See wd? for memcpy, same as 'yf'.	y 16 @ 0x200	copy 16 bytes into clipboard from 0x200
y[fptxy] [len] [[@]addr]	# See wd? for memcpy, same as 'yf'.	y 16	copy 16 bytes into clipboard
y[fptxy] [len] [[@]addr]	# See wd? for memcpy, same as 'yf'.	y	show yank buffer information (origin len bytes)
y[fptxy] [len] [[@]addr]	# See wd? for memcpy, same as 'yf'.	y*	print in r2 commands what's been yanked
y[fptxy] [len] [[@]addr]	# See wd? for memcpy, same as 'yf'.	y-	empty / reset clipboard
y[fptxy] [len] [[@]addr]	# See wd? for memcpy, same as 'yf'.	y8	print contents of clipboard in hexpairs
y[fptxy] [len] [[@]addr]	# See wd? for memcpy, same as 'yf'.	yf [L] [O] [file]	copy [L] bytes from offset [O] of [file] into clipboard
y[fptxy] [len] [[@]addr]	# See wd? for memcpy, same as 'yf'.	yfa [filepath]	copy all bytes from file into clipboard
y[fptxy] [len] [[@]addr]	# See wd? for memcpy, same as 'yf'.	yfx 10203040	yank from hexpairs (same as ywx)
y[fptxy] [len] [[@]addr]	# See wd? for memcpy, same as 'yf'.	yj	print in JSON commands what's been yanked
y[fptxy] [len] [[@]addr]	# See wd? for memcpy, same as 'yf'.	yp	print contents of clipboard
y[fptxy] [len] [[@]addr]	# See wd? for memcpy, same as 'yf'.	ys	print contents of clipboard as string
y[fptxy] [len] [[@]addr]	# See wd? for memcpy, same as 'yf'.	yt 64 0x200	copy 64 bytes from current seek to 0x200
y[fptxy] [len] [[@]addr]	# See wd? for memcpy, same as 'yf'.	ytf file	dump the clipboard to given file
y[fptxy] [len] [[@]addr]	# See wd? for memcpy, same as 'yf'.	yw hello world	yank from string
y[fptxy] [len] [[@]addr]	# See wd? for memcpy, same as 'yf'.	ywx 10203040	yank from hexpairs (same as yfx)
y[fptxy] [len] [[@]addr]	# See wd? for memcpy, same as 'yf'.	yx	print contents of clipboard in hexadecimal
y[fptxy] [len] [[@]addr]	# See wd? for memcpy, same as 'yf'.	yy 0x3344	paste contents of clipboard to 0x3344
y[fptxy] [len] [[@]addr]	# See wd? for memcpy, same as 'yf'.	yy @ 0x3344	paste contents of clipboard to 0x3344
y[fptxy] [len] [[@]addr]	# See wd? for memcpy, same as 'yf'.	yy	paste contents of clipboard at current seek
y[fptxy] [len] [[@]addr]	# See wd? for memcpy, same as 'yf'.	yz [len]	copy nul-terminated string (up to blocksize) into clipboard
z[*j-aof/cs] [args]	# Manage zignatures	z ([addr])	show/list zignatures
z[*j-aof/cs] [args]	# Manage zignatures	z.	find matching zignatures in current offset
z[*j-aof/cs] [args]	# Manage zignatures	z,([:help])	list zignatures loaded in table format (see z,:help)
z[*j-aof/cs] [args]	# Manage zignatures	zb[?][n=5]	search for best match
z[*j-aof/cs] [args]	# Manage zignatures	zdzignature	diff current function and signature
z[*j-aof/cs] [args]	# Manage zignatures	z* ([addr])	show zignatures in radare format
z[*j-aof/cs] [args]	# Manage zignatures	zq ([addr])	show zignatures in quiet mode
z[*j-aof/cs] [args]	# Manage zignatures	zj ([addr])	show zignatures in json format
z[*j-aof/cs] [args]	# Manage zignatures	zk	show zignatures in sdb format
z[*j-aof/cs] [args]	# Manage zignatures	z-zignature	delete zignature
z[*j-aof/cs] [args]	# Manage zignatures	z-*	delete all zignatures
z[*j-aof/cs] [args]	# Manage zignatures	za[?]	add zignature
z[*j-aof/cs] [args]	# Manage zignatures	zg	generate zignatures (alias for zaF)
z[*j-aof/cs] [args]	# Manage zignatures	zo[?]	manage zignature files
z[*j-aof/cs] [args]	# Manage zignatures	zf[?]	manage FLIRT signatures
z[*j-aof/cs] [args]	# Manage zignatures	z/[?]	search zignatures
z[*j-aof/cs] [args]	# Manage zignatures	zc[?]	compare current zignspace zignatures with another one
z[*j-aof/cs] [args]	# Manage zignatures	zs[?]	manage zignspaces
z[*j-aof/cs] [args]	# Manage zignatures	zi [text]	show zignatures matching information
zb[r?] [args]	# search for closest matching signatures	zb [n]	find n closest matching zignatures to function at current offset
zb[r?] [args]	# search for closest matching signatures	zbr zigname [n]	search for n most similar functions to zigname
za[fFM?] [args]	# Add zignature	za zigname type params	add zignature
za[fFM?] [args]	# Add zignature	zac	Compute collisions between signatures
za[fFM?] [args]	# Add zignature	zaf [fcnname] [zigname]	create zignature for function
za[fFM?] [args]	# Add zignature	zaF	generate zignatures for all functions
za[fFM?] [args]	# Add zignature	zaM	Same as zaF but merge signatures of same name
za[fFM?] [args]	# Add zignature	za??	show extended help
zo[zs] filename	# Manage zignature files (see dir.zigns)	zo filename	load zinatures from sdb file
zo[zs] filename	# Manage zignature files (see dir.zigns)	zoz filename	load zinatures from gzipped sdb file
zo[zs] filename	# Manage zignature files (see dir.zigns)	zos filename	save zignatures to sdb file (merge if file exists)
zf[dsz] filename	# Manage FLIRT signatures	zfd filename	open FLIRT file and dump
zf[dsz] filename	# Manage FLIRT signatures	zfs filename	open FLIRT file and scan
zf[dsz] filename	# Manage FLIRT signatures	zfs /path/**.sig	recursively search for FLIRT files and scan them (see dir.depth)
zf[dsz] filename	# Manage FLIRT signatures	zfz filename	open FLIRT file and get sig commands (zfz flirt_file > zignatures.sig)
z/[f*]	# Search signatures (see 'e?search' for options)	z/	search zignatures on range and flag matches
z/[f*]	# Search signatures (see 'e?search' for options)	z/f	zignature search on known functions
z/[f*]	# Search signatures (see 'e?search' for options)	z/*	search zignatures on range and output radare commands
zc[n!] other_space	# Compare zignspaces, match >= threshold (e zign.diff.*)	zc other_space	compare all current space with other_space
zc[n!] other_space	# Compare zignspaces, match >= threshold (e zign.diff.*)	zcn other_space	compare current space with zigns with same name on other_space
zc[n!] other_space	# Compare zignspaces, match >= threshold (e zign.diff.*)	zcn! other_space	compare current space with zigns with same name on other_space  but show the ones not matching
zs[+-*] [namespace]	# Manage zignspaces	zs	display zignspaces
zs[+-*] [namespace]	# Manage zignspaces	zs zignspace	select zignspace
zs[+-*] [namespace]	# Manage zignspaces	zs *	select all zignspaces
zs[+-*] [namespace]	# Manage zignspaces	zs-zignspace	delete zignspace
zs[+-*] [namespace]	# Manage zignspaces	zs-*	delete all zignspaces
zs[+-*] [namespace]	# Manage zignspaces	zs+zignspace	push previous zignspace and set
zs[+-*] [namespace]	# Manage zignspaces	zs-	pop to the previous zignspace
zs[+-*] [namespace]	# Manage zignspaces	zsr newname	rename selected zignspace
